rowType,ruleId,source,page,classification,expectedAction,actualCode,actualAction,codeLocation,clinicalConsequence,severity,goldenExecutable,goldenPass,missingDataPass,wizard,api,batch,persistence,reviewQueue,export
GUIDELINE,F1-NEVER-SCREENED-INVITE-NOW,"Figure 1 R2.01, R2.02, R2.03, R2.06, R2.07",18,MATCH_WITH_WORDING_DIFFERENCE,"Invite now, then perform the HPV screening test and continue through Figure 3.",F1-INVITE-NOW,"INVITE_NOW: Invite now, then perform HPV screening test and continue through Figure 3.",lib/engine/decision-engine.ts:149 (evaluateFigure1),No material action mismatch demonstrated by the golden probe; provenance/reachability may still be partial.,LOW,true,true,true,PARTIAL,YES,PARTIAL,PARTIAL,PARTIAL,PARTIAL
GUIDELINE,F1-UNDER-SCREENED-INVITE-NOW,"Figure 1 R2.01, R2.02, R2.03, R2.06, R2.07",18,MATCH_WITH_WORDING_DIFFERENCE,"Invite now, then perform the HPV screening test and continue through Figure 3.",F1-INVITE-NOW,"INVITE_NOW: Invite now, then perform HPV screening test and continue through Figure 3.",lib/engine/decision-engine.ts:149 (evaluateFigure1),No material action mismatch demonstrated by the golden probe; provenance/reachability may still be partial.,LOW,true,true,true,PARTIAL,YES,PARTIAL,PARTIAL,PARTIAL,PARTIAL
GUIDELINE,F1-OVERDUE-INVITE-NOW,"Figure 1 R2.01, R2.02, R2.03, R2.06, R2.07",18,MATCH_WITH_WORDING_DIFFERENCE,"Invite now, then perform the HPV screening test and continue through Figure 3.",F1-INVITE-NOW,"INVITE_NOW: Invite now, then perform HPV screening test and continue through Figure 3.",lib/engine/decision-engine.ts:149 (evaluateFigure1),No material action mismatch demonstrated by the golden probe; provenance/reachability may still be partial.,LOW,true,true,true,PARTIAL,YES,PARTIAL,PARTIAL,PARTIAL,PARTIAL
GUIDELINE,F1-REGULAR-NORMAL-NEXT-SCHEDULED,"Figure 1 R2.01, R2.02, R2.03, R2.06, R2.07",18,MATCH_WITH_WORDING_DIFFERENCE,"Invite at the next scheduled visit, then perform the HPV screening test and continue through Figure 3.",F1-INVITE-NEXT-SCHEDULED,"INVITE_NEXT_SCHEDULED: Invite at next scheduled visit, then perform HPV screening test and continue through Figure 3.",lib/engine/decision-engine.ts:170 (evaluateFigure1),No material action mismatch demonstrated by the golden probe; provenance/reachability may still be partial.,LOW,true,true,true,PARTIAL,YES,PARTIAL,PARTIAL,PARTIAL,PARTIAL
GUIDELINE,F1-LOW-GRADE-RESOLVED-NEXT-SCHEDULED,"Figure 1 R2.01, R2.02, R2.03, R2.06, R2.07",18,MATCH_WITH_WORDING_DIFFERENCE,"Invite at the next scheduled visit, then perform the HPV screening test and continue through Figure 3.",F1-INVITE-NEXT-SCHEDULED,"INVITE_NEXT_SCHEDULED: Invite at next scheduled visit, then perform HPV screening test and continue through Figure 3.",lib/engine/decision-engine.ts:170 (evaluateFigure1),No material action mismatch demonstrated by the golden probe; provenance/reachability may still be partial.,LOW,true,true,true,PARTIAL,YES,PARTIAL,PARTIAL,PARTIAL,PARTIAL
GUIDELINE,F1-HIGH-GRADE-TOC-COMPLETE-NEXT-SCHEDULED,"Figure 1 R2.01, R2.02, R2.03, R2.06, R2.07",18,PARTIAL_IMPLEMENTATION,"Invite at the next scheduled visit, then perform the HPV screening test and continue through Figure 3.",F1-INVITE-NEXT-SCHEDULED,"INVITE_NEXT_SCHEDULED: Invite at next scheduled visit, then perform HPV screening test and continue through Figure 3.",lib/engine/decision-engine.ts:170 (evaluateFigure1),"The golden action may match, but deleting a critical source fact still permits a non-stop output or end-to-end support is incomplete.",HIGH,true,true,false,PARTIAL,YES,PARTIAL,PARTIAL,PARTIAL,PARTIAL
GUIDELINE,F2-HIGH-GRADE-OUTSTANDING-COLPOSCOPY,"Figure 2 R2.03, R2.04, R2.05, R2.06, R2.07, R2.08",19,MATCH_WITH_WORDING_DIFFERENCE,Refer to colposcopy.,F2-PRIOR-HG-COLP,COLPOSCOPY: Refer to colposcopy.,lib/engine/decision-engine.ts:295 (evaluateFigure2),No material action mismatch demonstrated by the golden probe; provenance/reachability may still be partial.,LOW,true,true,true,PARTIAL,YES,PARTIAL,PARTIAL,PARTIAL,PARTIAL
GUIDELINE,F2-HIGH-GRADE-INCOMPLETE-TOC,"Figure 2 R2.03, R2.04, R2.05, R2.06, R2.07, R2.08",19,MATCH_WITH_WORDING_DIFFERENCE,Complete Test of Cure before regular screening.,F2-PRIOR-HG-COMPLETE-TOC,TEST_OF_CURE: Complete Test of Cure pathway (Figure 6).,lib/engine/decision-engine.ts:325 (evaluateFigure2),No material action mismatch demonstrated by the golden probe; provenance/reachability may still be partial.,LOW,true,true,true,PARTIAL,YES,PARTIAL,PARTIAL,PARTIAL,PARTIAL
GUIDELINE,F2-HIGH-GRADE-TOC-COMPLETE-F3,"Figure 2 R2.03, R2.04, R2.05, R2.06, R2.07, R2.08",19,MATCH_WITH_WORDING_DIFFERENCE,Return to regular interval screening through Figure 3.,F2-PRIOR-HG-TOC-COMPLETE-FIG3,ROUTE_FIGURE_3: Proceed to regular interval screening pathway (Figure 3).,lib/engine/decision-engine.ts:312 (evaluateFigure2),No material action mismatch demonstrated by the golden probe; provenance/reachability may still be partial.,LOW,true,true,true,PARTIAL,YES,PARTIAL,PARTIAL,PARTIAL,PARTIAL
GUIDELINE,F2-AIS-NO-TOTAL-HYSTERECTOMY-R208,"Figure 2 R2.03, R2.04, R2.05, R2.06, R2.07, R2.08",19,INCORRECT_OUTPUT,Use the controlling post-treatment AIS follow-up rule.,F2-AIS-R208-FOLLOWUP,UNMAPPED_ACTUAL:F2-AIS-R208-FOLLOWUP: Use R2.08/post-treatment follow-up workflow or clinician-confirmed service pathway.,lib/engine/decision-engine.ts:205 (evaluateFigure2),The implemented action does not match the source-derived AIS_FOLLOW_UP outcome.,HIGH,true,false,true,PARTIAL,YES,PARTIAL,PARTIAL,PARTIAL,PARTIAL
GUIDELINE,F2-ATYPICAL-ENDOMETRIAL-OLDER-3Y-F3,"Figure 2 R2.03, R2.04, R2.05, R2.06, R2.07, R2.08",19,MATCH_WITH_WORDING_DIFFERENCE,Primary HPV screening at the next scheduled visit; then Figure 3.,F2-AG2-OLDER-3Y-FIG3,ROUTE_FIGURE_3: Proceed to primary HPV screening pathway (Figure 3) at the next scheduled visit.,lib/engine/decision-engine.ts:234 (evaluateFigure2),No material action mismatch demonstrated by the golden probe; provenance/reachability may still be partial.,LOW,true,true,true,PARTIAL,YES,PARTIAL,PARTIAL,PARTIAL,PARTIAL
GUIDELINE,F2-ATYPICAL-ENDOMETRIAL-DISCHARGED-F3,"Figure 2 R2.03, R2.04, R2.05, R2.06, R2.07, R2.08",19,MATCH_WITH_WORDING_DIFFERENCE,Primary HPV screening at the next scheduled visit; then Figure 3.,F2-AG2-DISCHARGED-FIG3,ROUTE_FIGURE_3: Proceed to primary HPV screening pathway (Figure 3) at the next scheduled visit.,lib/engine/decision-engine.ts:236 (evaluateFigure2),No material action mismatch demonstrated by the golden probe; provenance/reachability may still be partial.,LOW,true,true,true,PARTIAL,YES,PARTIAL,PARTIAL,PARTIAL,PARTIAL
GUIDELINE,F2-ATYPICAL-ENDOMETRIAL-OTHERWISE-GYNAECOLOGY,"Figure 2 R2.03, R2.04, R2.05, R2.06, R2.07, R2.08",19,PARTIAL_IMPLEMENTATION,Refer to specialist gynaecology; Test of Cure is not appropriate.,F2-AG2-SPECIALIST-GYN,GYNAECOLOGY: Refer to specialist gynaecologist services.,lib/engine/decision-engine.ts:276 (evaluateFigure2),"The golden action may match, but deleting a critical source fact still permits a non-stop output or end-to-end support is incomplete.",HIGH,true,true,false,PARTIAL,YES,PARTIAL,PARTIAL,PARTIAL,PARTIAL
GUIDELINE,F3-BASELINE-SWAB-HPV-NOT-DETECTED-5Y,Figure 3 R4.01,24,PARTIAL_IMPLEMENTATION,Return for HPV screening in five years.,F3-HPV-NOT-DETECTED-5Y,ROUTINE_RECALL: Schedule routine recall in 60 months,lib/engine/decision-engine.ts:369 (evaluateFigure3),"The golden action may match, but deleting a critical source fact still permits a non-stop output or end-to-end support is incomplete.",HIGH,true,true,false,YES,YES,YES,PARTIAL,PARTIAL,PARTIAL
GUIDELINE,F3-BASELINE-SWAB-HPV-NOT-DETECTED-IMMUNE-3Y,Figure 3 R4.01,24,UPDATED_RULE_NOT_IMPLEMENTED,Return for HPV screening in three years.,F3-HPV-NOT-DETECTED-IC-3Y,ROUTINE_RECALL: Schedule routine recall in 36 months because participant is immune deficient,lib/engine/decision-engine.ts:369 (evaluateFigure3),The current engine identifies rule version business-figures-table1-v1 and has no explicit branch for the controlling 2026 update.,HIGH,true,true,false,YES,YES,YES,PARTIAL,PARTIAL,PARTIAL
GUIDELINE,F3-BASELINE-LBC-HPV-NOT-DETECTED-5Y,Figure 3 R4.01,24,PARTIAL_IMPLEMENTATION,Return for HPV screening in five years.,F3-HPV-NOT-DETECTED-5Y,ROUTINE_RECALL: Schedule routine recall in 60 months,lib/engine/decision-engine.ts:369 (evaluateFigure3),"The golden action may match, but deleting a critical source fact still permits a non-stop output or end-to-end support is incomplete.",HIGH,true,true,false,YES,YES,YES,PARTIAL,PARTIAL,PARTIAL
GUIDELINE,F3-BASELINE-LBC-HPV-NOT-DETECTED-IMMUNE-3Y,Figure 3 R4.01,24,UPDATED_RULE_NOT_IMPLEMENTED,Return for HPV screening in three years.,F3-HPV-NOT-DETECTED-IC-3Y,ROUTINE_RECALL: Schedule routine recall in 36 months because participant is immune deficient,lib/engine/decision-engine.ts:369 (evaluateFigure3),The current engine identifies rule version business-figures-table1-v1 and has no explicit branch for the controlling 2026 update.,HIGH,true,true,false,YES,YES,YES,PARTIAL,PARTIAL,PARTIAL
GUIDELINE,F3-FIRST-REPEAT-HPV-NOT-DETECTED-5Y,Figure 3 R4.01-R4.03,24,PARTIAL_IMPLEMENTATION,Return for HPV screening in five years.,F3-HPV-NOT-DETECTED-5Y,ROUTINE_RECALL: Schedule routine recall in 60 months,lib/engine/decision-engine.ts:369 (evaluateFigure3),"The golden action may match, but deleting a critical source fact still permits a non-stop output or end-to-end support is incomplete.",HIGH,true,true,false,YES,YES,YES,PARTIAL,PARTIAL,PARTIAL
GUIDELINE,F3-SECOND-REPEAT-HPV-NOT-DETECTED-5Y,Figure 3 R4.01-R4.03,24,PARTIAL_IMPLEMENTATION,Return for HPV screening in five years.,F3-HPV-NOT-DETECTED-5Y,ROUTINE_RECALL: Schedule routine recall in 60 months,lib/engine/decision-engine.ts:369 (evaluateFigure3),"The golden action may match, but deleting a critical source fact still permits a non-stop output or end-to-end support is incomplete.",HIGH,true,true,false,YES,YES,YES,PARTIAL,PARTIAL,PARTIAL
GUIDELINE,F3-FIRST-REPEAT-HPV-NOT-DETECTED-IMMUNE-3Y,Figure 3 R4.01-R4.03,24,UPDATED_RULE_NOT_IMPLEMENTED,Return for HPV screening in three years.,F3-HPV-NOT-DETECTED-IC-3Y,ROUTINE_RECALL: Schedule routine recall in 36 months because participant is immune deficient,lib/engine/decision-engine.ts:369 (evaluateFigure3),The current engine identifies rule version business-figures-table1-v1 and has no explicit branch for the controlling 2026 update.,HIGH,true,true,false,YES,YES,YES,PARTIAL,PARTIAL,PARTIAL
GUIDELINE,F3-SECOND-REPEAT-HPV-NOT-DETECTED-IMMUNE-3Y,Figure 3 R4.01-R4.03,24,UPDATED_RULE_NOT_IMPLEMENTED,Return for HPV screening in three years.,F3-HPV-NOT-DETECTED-IC-3Y,ROUTINE_RECALL: Schedule routine recall in 36 months because participant is immune deficient,lib/engine/decision-engine.ts:369 (evaluateFigure3),The current engine identifies rule version business-figures-table1-v1 and has no explicit branch for the controlling 2026 update.,HIGH,true,true,false,YES,YES,YES,PARTIAL,PARTIAL,PARTIAL
GUIDELINE,F3-HPV16-18-SWAB-COLPOSCOPY,Figure 3 R4.07-R4.12,24,PARTIAL_IMPLEMENTATION,Refer directly to colposcopy; take LBC cytology at colposcopy.,F3-1618-COLP,COLPOSCOPY: Refer to colposcopy.,lib/engine/decision-engine.ts:416 (evaluateFigure3),"The golden action may match, but deleting a critical source fact still permits a non-stop output or end-to-end support is incomplete.",HIGH,true,true,false,YES,YES,YES,PARTIAL,PARTIAL,PARTIAL
GUIDELINE,F3-HPV16-18-LBC-COLPOSCOPY,Figure 3 R4.07-R4.12,24,PARTIAL_IMPLEMENTATION,Report reflex cytology and refer to colposcopy regardless of cytology result.,F3-1618-COLP,COLPOSCOPY: Refer to colposcopy.,lib/engine/decision-engine.ts:416 (evaluateFigure3),"The golden action may match, but deleting a critical source fact still permits a non-stop output or end-to-end support is incomplete.",HIGH,true,true,false,YES,YES,YES,PARTIAL,PARTIAL,PARTIAL
GUIDELINE,F3-HPV-OTHER-SWAB-RETURN-FOR-LBC,Figure 3 R4.02-R4.04,24,MATCH_WITH_WORDING_DIFFERENCE,Return for clinical examination and an LBC cytology sample before the cytology-dependent branch is selected.,F3-SWAB-RETURN-REQUIRED,RETURN_FOR_LBC: Schedule return visit with clinical examination and cytology/cotest review.,lib/engine/decision-engine.ts:353 (evaluateFigure3),No material action mismatch demonstrated by the golden probe; provenance/reachability may still be partial.,LOW,true,true,true,YES,YES,YES,PARTIAL,PARTIAL,PARTIAL
GUIDELINE,F3-BASELINE-HPV-OTHER-NEGATIVE-REPEAT-12M,Figure 3 R4.04-R4.06,24,INCORRECT_OUTPUT,Repeat HPV testing in 12 months; LBC is recommended.,F3-HPV-OTHER-NEG-ASCUS-LSIL-12M,UNMAPPED_ACTUAL:F3-HPV-OTHER-NEG-ASCUS-LSIL-12M: Schedule first repeat HPV test in 12 months; recommend LBC.,lib/engine/decision-engine.ts:499 (evaluateFigure3),The implemented action does not match the source-derived REPEAT_HPV outcome.,HIGH,true,false,true,YES,YES,YES,PARTIAL,PARTIAL,PARTIAL
GUIDELINE,F3-BASELINE-HPV-OTHER-ASC-US-REPEAT-12M,Figure 3 R4.04-R4.06,24,INCORRECT_OUTPUT,Repeat HPV testing in 12 months; LBC is recommended.,F3-HPV-OTHER-NEG-ASCUS-LSIL-12M,UNMAPPED_ACTUAL:F3-HPV-OTHER-NEG-ASCUS-LSIL-12M: Schedule first repeat HPV test in 12 months; recommend LBC.,lib/engine/decision-engine.ts:499 (evaluateFigure3),The implemented action does not match the source-derived REPEAT_HPV outcome.,HIGH,true,false,true,YES,YES,YES,PARTIAL,PARTIAL,PARTIAL
GUIDELINE,F3-BASELINE-HPV-OTHER-LSIL-REPEAT-12M,Figure 3 R4.04-R4.06,24,INCORRECT_OUTPUT,Repeat HPV testing in 12 months; LBC is recommended.,F3-HPV-OTHER-NEG-ASCUS-LSIL-12M,UNMAPPED_ACTUAL:F3-HPV-OTHER-NEG-ASCUS-LSIL-12M: Schedule first repeat HPV test in 12 months; recommend LBC.,lib/engine/decision-engine.ts:499 (evaluateFigure3),The implemented action does not match the source-derived REPEAT_HPV outcome.,HIGH,true,false,true,YES,YES,YES,PARTIAL,PARTIAL,PARTIAL
GUIDELINE,F3-BASELINE-HPV-OTHER-ASC-H-COLPOSCOPY,"Figure 3 R4.05, R4.08-R4.12",24,MATCH_WITH_WORDING_DIFFERENCE,Refer to colposcopy.,F3-HPV-OTHER-HIGH-GRADE-COLP,COLPOSCOPY: Refer to colposcopy.,lib/engine/decision-engine.ts:446 (evaluateFigure3),No material action mismatch demonstrated by the golden probe; provenance/reachability may still be partial.,LOW,true,true,true,YES,YES,YES,PARTIAL,PARTIAL,PARTIAL
GUIDELINE,F3-BASELINE-HPV-OTHER-HSIL-COLPOSCOPY,"Figure 3 R4.05, R4.08-R4.12",24,MATCH_WITH_WORDING_DIFFERENCE,Refer to colposcopy.,F3-HPV-OTHER-HIGH-GRADE-COLP,COLPOSCOPY: Refer to colposcopy.,lib/engine/decision-engine.ts:446 (evaluateFigure3),No material action mismatch demonstrated by the golden probe; provenance/reachability may still be partial.,LOW,true,true,true,YES,YES,YES,PARTIAL,PARTIAL,PARTIAL
GUIDELINE,F3-BASELINE-HPV-OTHER-SCC-COLPOSCOPY,"Figure 3 R4.05, R4.08-R4.12",24,MATCH_WITH_WORDING_DIFFERENCE,Refer to colposcopy.,F3-HPV-OTHER-HIGH-GRADE-COLP,COLPOSCOPY: Refer to colposcopy.,lib/engine/decision-engine.ts:446 (evaluateFigure3),No material action mismatch demonstrated by the golden probe; provenance/reachability may still be partial.,LOW,true,true,true,YES,YES,YES,PARTIAL,PARTIAL,PARTIAL
GUIDELINE,F3-BASELINE-HPV-OTHER-ATYPICAL-GLANDULAR-COLPOSCOPY,"Figure 3 R4.05, R4.08-R4.12",24,MATCH_WITH_WORDING_DIFFERENCE,Refer according to the glandular/specialist pathway; colposcopy applies except the endometrial exception.,F3-HPV-OTHER-HIGH-GRADE-COLP,COLPOSCOPY: Refer to colposcopy.,lib/engine/decision-engine.ts:446 (evaluateFigure3),No material action mismatch demonstrated by the golden probe; provenance/reachability may still be partial.,LOW,true,true,true,YES,YES,YES,PARTIAL,PARTIAL,PARTIAL
GUIDELINE,F3-BASELINE-HPV-OTHER-AIS-COLPOSCOPY,"Figure 3 R4.05, R4.08-R4.12",24,MATCH_WITH_WORDING_DIFFERENCE,Refer to colposcopy.,F3-HPV-OTHER-HIGH-GRADE-COLP,COLPOSCOPY: Refer to colposcopy.,lib/engine/decision-engine.ts:446 (evaluateFigure3),No material action mismatch demonstrated by the golden probe; provenance/reachability may still be partial.,LOW,true,true,true,YES,YES,YES,PARTIAL,PARTIAL,PARTIAL
GUIDELINE,F3-BASELINE-HPV-OTHER-ADENOCARCINOMA-COLPOSCOPY,"Figure 3 R4.05, R4.08-R4.12",24,MATCH_WITH_WORDING_DIFFERENCE,Refer according to the glandular/specialist pathway; colposcopy applies except the endometrial exception.,F3-HPV-OTHER-HIGH-GRADE-COLP,COLPOSCOPY: Refer to colposcopy.,lib/engine/decision-engine.ts:446 (evaluateFigure3),No material action mismatch demonstrated by the golden probe; provenance/reachability may still be partial.,LOW,true,true,true,YES,YES,YES,PARTIAL,PARTIAL,PARTIAL
GUIDELINE,F3-FIRST-REPEAT-HPV-OTHER-NEGATIVE-UNDER50-SECOND-REPEAT,Figure 3 R4.04-R4.06,24,MATCH_WITH_WORDING_DIFFERENCE,Schedule the second repeat HPV test in 12 months; LBC is recommended.,F3-FIRST-REPEAT-UNDER50-SECOND-REPEAT,SECOND_REPEAT_HPV: Schedule second repeat HPV test in 12 months; recommend LBC.,lib/engine/decision-engine.ts:485 (evaluateFigure3),No material action mismatch demonstrated by the golden probe; provenance/reachability may still be partial.,LOW,true,true,true,YES,YES,YES,PARTIAL,PARTIAL,PARTIAL
GUIDELINE,F3-FIRST-REPEAT-HPV-OTHER-NEGATIVE-AGE50PLUS-COLPOSCOPY,Figure 3 R4.04-R4.06,24,MATCH_WITH_WORDING_DIFFERENCE,Refer to colposcopy.,F3-FIRST-REPEAT-AGE50-COLP,COLPOSCOPY: Refer to colposcopy.,lib/engine/decision-engine.ts:470 (evaluateFigure3),No material action mismatch demonstrated by the golden probe; provenance/reachability may still be partial.,LOW,true,true,true,YES,YES,YES,PARTIAL,PARTIAL,PARTIAL
GUIDELINE,F3-FIRST-REPEAT-HPV-OTHER-ASC-US-UNDER50-SECOND-REPEAT,Figure 3 R4.04-R4.06,24,MATCH_WITH_WORDING_DIFFERENCE,Schedule the second repeat HPV test in 12 months; LBC is recommended.,F3-FIRST-REPEAT-UNDER50-SECOND-REPEAT,SECOND_REPEAT_HPV: Schedule second repeat HPV test in 12 months; recommend LBC.,lib/engine/decision-engine.ts:485 (evaluateFigure3),No material action mismatch demonstrated by the golden probe; provenance/reachability may still be partial.,LOW,true,true,true,YES,YES,YES,PARTIAL,PARTIAL,PARTIAL
GUIDELINE,F3-FIRST-REPEAT-HPV-OTHER-ASC-US-AGE50PLUS-COLPOSCOPY,Figure 3 R4.04-R4.06,24,MATCH_WITH_WORDING_DIFFERENCE,Refer to colposcopy.,F3-FIRST-REPEAT-AGE50-COLP,COLPOSCOPY: Refer to colposcopy.,lib/engine/decision-engine.ts:470 (evaluateFigure3),No material action mismatch demonstrated by the golden probe; provenance/reachability may still be partial.,LOW,true,true,true,YES,YES,YES,PARTIAL,PARTIAL,PARTIAL
GUIDELINE,F3-FIRST-REPEAT-HPV-OTHER-LSIL-UNDER50-SECOND-REPEAT,Figure 3 R4.04-R4.06,24,MATCH_WITH_WORDING_DIFFERENCE,Schedule the second repeat HPV test in 12 months; LBC is recommended.,F3-FIRST-REPEAT-UNDER50-SECOND-REPEAT,SECOND_REPEAT_HPV: Schedule second repeat HPV test in 12 months; recommend LBC.,lib/engine/decision-engine.ts:485 (evaluateFigure3),No material action mismatch demonstrated by the golden probe; provenance/reachability may still be partial.,LOW,true,true,true,YES,YES,YES,PARTIAL,PARTIAL,PARTIAL
GUIDELINE,F3-FIRST-REPEAT-HPV-OTHER-LSIL-AGE50PLUS-COLPOSCOPY,Figure 3 R4.04-R4.06,24,MATCH_WITH_WORDING_DIFFERENCE,Refer to colposcopy.,F3-FIRST-REPEAT-AGE50-COLP,COLPOSCOPY: Refer to colposcopy.,lib/engine/decision-engine.ts:470 (evaluateFigure3),No material action mismatch demonstrated by the golden probe; provenance/reachability may still be partial.,LOW,true,true,true,YES,YES,YES,PARTIAL,PARTIAL,PARTIAL
GUIDELINE,F3-FIRST-REPEAT-HPV-OTHER-ASC-H-COLPOSCOPY,"Figure 3 R4.05, R4.08-R4.12",24,MATCH_WITH_WORDING_DIFFERENCE,Refer to colposcopy or the controlling glandular specialist pathway.,F3-HPV-OTHER-HIGH-GRADE-COLP,COLPOSCOPY: Refer to colposcopy.,lib/engine/decision-engine.ts:446 (evaluateFigure3),No material action mismatch demonstrated by the golden probe; provenance/reachability may still be partial.,LOW,true,true,true,YES,YES,YES,PARTIAL,PARTIAL,PARTIAL
GUIDELINE,F3-FIRST-REPEAT-HPV-OTHER-HSIL-COLPOSCOPY,"Figure 3 R4.05, R4.08-R4.12",24,MATCH_WITH_WORDING_DIFFERENCE,Refer to colposcopy or the controlling glandular specialist pathway.,F3-HPV-OTHER-HIGH-GRADE-COLP,COLPOSCOPY: Refer to colposcopy.,lib/engine/decision-engine.ts:446 (evaluateFigure3),No material action mismatch demonstrated by the golden probe; provenance/reachability may still be partial.,LOW,true,true,true,YES,YES,YES,PARTIAL,PARTIAL,PARTIAL
GUIDELINE,F3-FIRST-REPEAT-HPV-OTHER-SCC-COLPOSCOPY,"Figure 3 R4.05, R4.08-R4.12",24,MATCH_WITH_WORDING_DIFFERENCE,Refer to colposcopy or the controlling glandular specialist pathway.,F3-HPV-OTHER-HIGH-GRADE-COLP,COLPOSCOPY: Refer to colposcopy.,lib/engine/decision-engine.ts:446 (evaluateFigure3),No material action mismatch demonstrated by the golden probe; provenance/reachability may still be partial.,LOW,true,true,true,YES,YES,YES,PARTIAL,PARTIAL,PARTIAL
GUIDELINE,F3-FIRST-REPEAT-HPV-OTHER-ATYPICAL-GLANDULAR-COLPOSCOPY,"Figure 3 R4.05, R4.08-R4.12",24,MATCH_WITH_WORDING_DIFFERENCE,Refer to colposcopy or the controlling glandular specialist pathway.,F3-HPV-OTHER-HIGH-GRADE-COLP,COLPOSCOPY: Refer to colposcopy.,lib/engine/decision-engine.ts:446 (evaluateFigure3),No material action mismatch demonstrated by the golden probe; provenance/reachability may still be partial.,LOW,true,true,true,YES,YES,YES,PARTIAL,PARTIAL,PARTIAL
GUIDELINE,F3-FIRST-REPEAT-HPV-OTHER-AIS-COLPOSCOPY,"Figure 3 R4.05, R4.08-R4.12",24,MATCH_WITH_WORDING_DIFFERENCE,Refer to colposcopy or the controlling glandular specialist pathway.,F3-HPV-OTHER-HIGH-GRADE-COLP,COLPOSCOPY: Refer to colposcopy.,lib/engine/decision-engine.ts:446 (evaluateFigure3),No material action mismatch demonstrated by the golden probe; provenance/reachability may still be partial.,LOW,true,true,true,YES,YES,YES,PARTIAL,PARTIAL,PARTIAL
GUIDELINE,F3-FIRST-REPEAT-HPV-OTHER-ADENOCARCINOMA-COLPOSCOPY,"Figure 3 R4.05, R4.08-R4.12",24,MATCH_WITH_WORDING_DIFFERENCE,Refer to colposcopy or the controlling glandular specialist pathway.,F3-HPV-OTHER-HIGH-GRADE-COLP,COLPOSCOPY: Refer to colposcopy.,lib/engine/decision-engine.ts:446 (evaluateFigure3),No material action mismatch demonstrated by the golden probe; provenance/reachability may still be partial.,LOW,true,true,true,YES,YES,YES,PARTIAL,PARTIAL,PARTIAL
GUIDELINE,F3-SECOND-REPEAT-HPV16-18-COLPOSCOPY,Figure 3 R4.04-R4.12,24,PARTIAL_IMPLEMENTATION,Report cytology and refer to colposcopy; use the glandular specialist exception where applicable.,F3-1618-COLP,COLPOSCOPY: Refer to colposcopy.,lib/engine/decision-engine.ts:416 (evaluateFigure3),"The golden action may match, but deleting a critical source fact still permits a non-stop output or end-to-end support is incomplete.",HIGH,true,true,false,YES,YES,YES,PARTIAL,PARTIAL,PARTIAL
GUIDELINE,F3-SECOND-REPEAT-HPV-OTHER-COLPOSCOPY,Figure 3 R4.04-R4.12,24,PARTIAL_IMPLEMENTATION,Report cytology and refer to colposcopy; use the glandular specialist exception where applicable.,F3-SECOND-REPEAT-HPV-DETECTED-COLP,COLPOSCOPY: Report cytology if available and refer to colposcopy.,lib/engine/decision-engine.ts:395 (evaluateFigure3),"The golden action may match, but deleting a critical source fact still permits a non-stop output or end-to-end support is incomplete.",HIGH,true,true,false,YES,YES,YES,PARTIAL,PARTIAL,PARTIAL
GUIDELINE,F3-INVALID-HPV-REPEAT-ASAP,Figure 3 R3.04-R3.06,24,INCORRECT_OUTPUT,Repeat the HPV test as soon as practicable without a mandatory delay.,F3-INAD-3M,REPEAT_HPV: Recall for repeat HPV test in 3 months.,lib/engine/decision-engine.ts:380 (evaluateFigure3),The implemented action does not match the source-derived REPEAT_ASAP outcome.,HIGH,true,false,true,YES,YES,YES,PARTIAL,PARTIAL,PARTIAL
GUIDELINE,F3-UNSUITABLE-HPV-REPEAT-ASAP,Figure 3 R3.04-R3.06,24,UNSUPPORTED_BY_DATA_MODEL,Repeat the HPV test as soon as practicable without a mandatory delay.,,ClinicalInput collapses invalid/unsuitable into one INADEQUATE HPV value and cannot encode leakage/unsuitable separately.,,"Required source facts cannot be represented, so REPEAT_ASAP cannot be reproduced safely.",HIGH,false,false,,NO,NO,NO,NO,NO,NO
GUIDELINE,F3-HPV-OTHER-FIRST-UNSAT-CYTOLOGY-REPEAT,Figure 3 R3.04-R3.06,24,INCORRECT_OUTPUT,Repeat LBC cytology within three months.,F3-UNMAPPED-COMBINATION,UNMAPPED_ACTUAL:F3-UNMAPPED-COMBINATION: Review entered HPV and cytology values.,lib/engine/decision-engine.ts:510 (evaluateFigure3),The implemented action does not match the source-derived REPEAT_CYTOLOGY outcome.,HIGH,true,false,true,YES,YES,YES,PARTIAL,PARTIAL,PARTIAL
GUIDELINE,F3-HPV-OTHER-SECOND-UNSAT-CYTOLOGY-COLPOSCOPY,Figure 3 R3.04-R3.06,24,INCORRECT_OUTPUT,Refer to colposcopy.,F3-UNMAPPED-COMBINATION,UNMAPPED_ACTUAL:F3-UNMAPPED-COMBINATION: Review entered HPV and cytology values.,lib/engine/decision-engine.ts:510 (evaluateFigure3),The implemented action does not match the source-derived COLPOSCOPY outcome.,HIGH,true,false,true,YES,YES,YES,PARTIAL,PARTIAL,PARTIAL
GUIDELINE,F3-CYTOLOGY-PENDING-INCOMPLETE,Figure 3 R4.01-R4.15,24,INCORRECT_OUTPUT,Keep the result incomplete; do not issue a terminal recommendation.,F3-HPV-OTHER-CYTOLOGY-REQUIRED,SAFETY_STOP: Enter cytology result for HPV Other,lib/engine/decision-engine.ts:434 (evaluateFigure3),The implemented action does not match the source-derived INCOMPLETE_RESULT outcome.,HIGH,true,false,true,YES,YES,YES,PARTIAL,PARTIAL,PARTIAL
GUIDELINE,F3-MISSING-GENOTYPE-SAFETY-STOP,Figure 3 R4.01-R4.15,24,MATCH_WITH_WORDING_DIFFERENCE,Request the genotype/result category before routing.,F3-HPV-REQUIRED,SAFETY_STOP: Enter HPV result,lib/engine/decision-engine.ts:344 (evaluateFigure3),No material action mismatch demonstrated by the golden probe; provenance/reachability may still be partial.,LOW,true,true,true,YES,YES,YES,PARTIAL,PARTIAL,PARTIAL
GUIDELINE,F3-MISSING-SAMPLE-TYPE-SAFETY-STOP,Figure 3 R4.01-R4.15,24,INCORRECT_OUTPUT,Request sample type before deciding whether cytology is available or a return visit is required.,F3-HPV-NOT-DETECTED-5Y,ROUTINE_RECALL: Schedule routine recall in 60 months,lib/engine/decision-engine.ts:369 (evaluateFigure3),The implemented action does not match the source-derived SAFETY_STOP outcome.,HIGH,true,false,false,YES,YES,YES,PARTIAL,PARTIAL,PARTIAL
GUIDELINE,F3-FIRST-REPEAT-MISSING-AGE-SAFETY-STOP,Figure 3 R4.01-R4.15,24,MATCH_WITH_WORDING_DIFFERENCE,Request age/date of birth before applying the ≥50 branch.,F3-FIRST-REPEAT-AGE-REQUIRED,SAFETY_STOP: Enter age to determine age >= 50 branch,lib/engine/decision-engine.ts:463 (evaluateFigure3),No material action mismatch demonstrated by the golden probe; provenance/reachability may still be partial.,LOW,true,true,true,YES,YES,YES,PARTIAL,PARTIAL,PARTIAL
GUIDELINE,F3-HPV-NOT-DETECTED-UNKNOWN-IMMUNE-SAFETY-STOP,Figure 3 R4.01-R4.15,24,INCORRECT_OUTPUT,Resolve immune-deficiency classification before selecting three- versus five-year recall.,F3-HPV-NOT-DETECTED-5Y,ROUTINE_RECALL: Schedule routine recall in 60 months,lib/engine/decision-engine.ts:369 (evaluateFigure3),The implemented action does not match the source-derived SAFETY_STOP outcome.,HIGH,true,false,false,YES,YES,YES,PARTIAL,PARTIAL,PARTIAL
GUIDELINE,F4-NORMAL-COLPOSCOPY-INITIAL-REPEAT-12M,Figure 4 R6.03-R6.07,45,MATCH_WITH_WORDING_DIFFERENCE,Repeat HPV test in community care in 12 months; use LBC.,F4-NORMAL-COLP-REPEAT-HPV-12M,REPEAT_HPV: Schedule repeat HPV test in 12 months in community care; recommend LBC.,lib/engine/decision-engine.ts:526 (evaluateFigure4),No material action mismatch demonstrated by the golden probe; provenance/reachability may still be partial.,LOW,true,true,true,YES,YES,PARTIAL,PARTIAL,PARTIAL,PARTIAL
GUIDELINE,F4-REPEAT-HPV-NOT-DETECTED-REGULAR-5Y,Figure 4 R6.03-R6.07,45,INCORRECT_OUTPUT,Return to five-year regular screening.,F4-REPEAT-HPV-NOT-DETECTED-REGULAR,REPEAT_HPV: Schedule routine recall in 60 months,lib/engine/decision-engine.ts:537 (evaluateFigure4),The implemented action does not match the source-derived ROUTINE_RECALL outcome.,HIGH,true,false,false,YES,YES,PARTIAL,PARTIAL,PARTIAL,PARTIAL
GUIDELINE,F4-REPEAT-HPV-NOT-DETECTED-IMMUNE-3Y,Figure 4 R6.03-R6.07,45,UPDATED_RULE_NOT_IMPLEMENTED,Return to three-year screening.,F4-REPEAT-HPV-NOT-DETECTED-REGULAR,REPEAT_HPV: Schedule routine recall in 36 months because participant is immune deficient,lib/engine/decision-engine.ts:537 (evaluateFigure4),The current engine identifies rule version business-figures-table1-v1 and has no explicit branch for the controlling 2026 update.,HIGH,true,false,false,YES,YES,PARTIAL,PARTIAL,PARTIAL,PARTIAL
GUIDELINE,F4-REPEAT-HPV16-18-COLPOSCOPY,Figure 4 R6.03-R6.07,45,PARTIAL_IMPLEMENTATION,Refer to colposcopy.,F4-REPEAT-1618-COLP,COLPOSCOPY: Refer to colposcopy.,lib/engine/decision-engine.ts:545 (evaluateFigure4),"The golden action may match, but deleting a critical source fact still permits a non-stop output or end-to-end support is incomplete.",HIGH,true,true,false,YES,YES,PARTIAL,PARTIAL,PARTIAL,PARTIAL
GUIDELINE,F4-HPV-OTHER-ASC-H-COLPOSCOPY,Figure 4 R6.03-R6.07,45,MATCH_WITH_WORDING_DIFFERENCE,Refer to colposcopy or the controlling glandular specialist route.,F4-HPV-OTHER-HIGH-GRADE-COLP,COLPOSCOPY: Refer to colposcopy.,lib/engine/decision-engine.ts:583 (evaluateFigure4),No material action mismatch demonstrated by the golden probe; provenance/reachability may still be partial.,LOW,true,true,true,YES,YES,PARTIAL,PARTIAL,PARTIAL,PARTIAL
GUIDELINE,F4-HPV-OTHER-HSIL-COLPOSCOPY,Figure 4 R6.03-R6.07,45,MATCH_WITH_WORDING_DIFFERENCE,Refer to colposcopy or the controlling glandular specialist route.,F4-HPV-OTHER-HIGH-GRADE-COLP,COLPOSCOPY: Refer to colposcopy.,lib/engine/decision-engine.ts:583 (evaluateFigure4),No material action mismatch demonstrated by the golden probe; provenance/reachability may still be partial.,LOW,true,true,true,YES,YES,PARTIAL,PARTIAL,PARTIAL,PARTIAL
GUIDELINE,F4-HPV-OTHER-SCC-COLPOSCOPY,Figure 4 R6.03-R6.07,45,MATCH_WITH_WORDING_DIFFERENCE,Refer to colposcopy or the controlling glandular specialist route.,F4-HPV-OTHER-HIGH-GRADE-COLP,COLPOSCOPY: Refer to colposcopy.,lib/engine/decision-engine.ts:583 (evaluateFigure4),No material action mismatch demonstrated by the golden probe; provenance/reachability may still be partial.,LOW,true,true,true,YES,YES,PARTIAL,PARTIAL,PARTIAL,PARTIAL
GUIDELINE,F4-HPV-OTHER-ATYPICAL-GLANDULAR-COLPOSCOPY,Figure 4 R6.03-R6.07,45,MATCH_WITH_WORDING_DIFFERENCE,Refer to colposcopy or the controlling glandular specialist route.,F4-HPV-OTHER-HIGH-GRADE-COLP,COLPOSCOPY: Refer to colposcopy.,lib/engine/decision-engine.ts:583 (evaluateFigure4),No material action mismatch demonstrated by the golden probe; provenance/reachability may still be partial.,LOW,true,true,true,YES,YES,PARTIAL,PARTIAL,PARTIAL,PARTIAL
GUIDELINE,F4-HPV-OTHER-AIS-COLPOSCOPY,Figure 4 R6.03-R6.07,45,MATCH_WITH_WORDING_DIFFERENCE,Refer to colposcopy or the controlling glandular specialist route.,F4-HPV-OTHER-HIGH-GRADE-COLP,COLPOSCOPY: Refer to colposcopy.,lib/engine/decision-engine.ts:583 (evaluateFigure4),No material action mismatch demonstrated by the golden probe; provenance/reachability may still be partial.,LOW,true,true,true,YES,YES,PARTIAL,PARTIAL,PARTIAL,PARTIAL
GUIDELINE,F4-HPV-OTHER-ADENOCARCINOMA-COLPOSCOPY,Figure 4 R6.03-R6.07,45,MATCH_WITH_WORDING_DIFFERENCE,Refer to colposcopy or the controlling glandular specialist route.,F4-HPV-OTHER-HIGH-GRADE-COLP,COLPOSCOPY: Refer to colposcopy.,lib/engine/decision-engine.ts:583 (evaluateFigure4),No material action mismatch demonstrated by the golden probe; provenance/reachability may still be partial.,LOW,true,true,true,YES,YES,PARTIAL,PARTIAL,PARTIAL,PARTIAL
GUIDELINE,F4-HPV-OTHER-NEGATIVE-SECOND-REPEAT-12M,Figure 4 R6.03-R6.07,45,MATCH_WITH_WORDING_DIFFERENCE,Repeat HPV test in community care in 12 months; use LBC.,F4-HPV-OTHER-LOW-GRADE-SECOND-REPEAT,SECOND_REPEAT_HPV: Schedule repeat HPV test in 12 months in community care; recommend LBC.,lib/engine/decision-engine.ts:615 (evaluateFigure4),No material action mismatch demonstrated by the golden probe; provenance/reachability may still be partial.,LOW,true,true,true,YES,YES,PARTIAL,PARTIAL,PARTIAL,PARTIAL
GUIDELINE,F4-HPV-OTHER-NEGATIVE-IMMUNE-COLPOSCOPY,Figure 4 R6.03-R6.07,45,MATCH_WITH_WORDING_DIFFERENCE,Refer to colposcopy.,F4-HPV-OTHER-LOW-GRADE-IC-COLP,COLPOSCOPY: Refer to colposcopy.,lib/engine/decision-engine.ts:600 (evaluateFigure4),No material action mismatch demonstrated by the golden probe; provenance/reachability may still be partial.,LOW,true,true,true,YES,YES,PARTIAL,PARTIAL,PARTIAL,PARTIAL
GUIDELINE,F4-HPV-OTHER-ASC-US-SECOND-REPEAT-12M,Figure 4 R6.03-R6.07,45,MATCH_WITH_WORDING_DIFFERENCE,Repeat HPV test in community care in 12 months; use LBC.,F4-HPV-OTHER-LOW-GRADE-SECOND-REPEAT,SECOND_REPEAT_HPV: Schedule repeat HPV test in 12 months in community care; recommend LBC.,lib/engine/decision-engine.ts:615 (evaluateFigure4),No material action mismatch demonstrated by the golden probe; provenance/reachability may still be partial.,LOW,true,true,true,YES,YES,PARTIAL,PARTIAL,PARTIAL,PARTIAL
GUIDELINE,F4-HPV-OTHER-ASC-US-IMMUNE-COLPOSCOPY,Figure 4 R6.03-R6.07,45,MATCH_WITH_WORDING_DIFFERENCE,Refer to colposcopy.,F4-HPV-OTHER-LOW-GRADE-IC-COLP,COLPOSCOPY: Refer to colposcopy.,lib/engine/decision-engine.ts:600 (evaluateFigure4),No material action mismatch demonstrated by the golden probe; provenance/reachability may still be partial.,LOW,true,true,true,YES,YES,PARTIAL,PARTIAL,PARTIAL,PARTIAL
GUIDELINE,F4-HPV-OTHER-LSIL-SECOND-REPEAT-12M,Figure 4 R6.03-R6.07,45,MATCH_WITH_WORDING_DIFFERENCE,Repeat HPV test in community care in 12 months; use LBC.,F4-HPV-OTHER-LOW-GRADE-SECOND-REPEAT,SECOND_REPEAT_HPV: Schedule repeat HPV test in 12 months in community care; recommend LBC.,lib/engine/decision-engine.ts:615 (evaluateFigure4),No material action mismatch demonstrated by the golden probe; provenance/reachability may still be partial.,LOW,true,true,true,YES,YES,PARTIAL,PARTIAL,PARTIAL,PARTIAL
GUIDELINE,F4-HPV-OTHER-LSIL-IMMUNE-COLPOSCOPY,Figure 4 R6.03-R6.07,45,MATCH_WITH_WORDING_DIFFERENCE,Refer to colposcopy.,F4-HPV-OTHER-LOW-GRADE-IC-COLP,COLPOSCOPY: Refer to colposcopy.,lib/engine/decision-engine.ts:600 (evaluateFigure4),No material action mismatch demonstrated by the golden probe; provenance/reachability may still be partial.,LOW,true,true,true,YES,YES,PARTIAL,PARTIAL,PARTIAL,PARTIAL
GUIDELINE,F4-SECOND-REPEAT-HPV16-18-COLPOSCOPY,Figure 4 R6.03-R6.07,45,PARTIAL_IMPLEMENTATION,Refer to colposcopy.,F4-REPEAT-1618-COLP,COLPOSCOPY: Refer to colposcopy.,lib/engine/decision-engine.ts:545 (evaluateFigure4),"The golden action may match, but deleting a critical source fact still permits a non-stop output or end-to-end support is incomplete.",HIGH,true,true,false,YES,YES,PARTIAL,PARTIAL,PARTIAL,PARTIAL
GUIDELINE,F4-SECOND-REPEAT-HPV-OTHER-COLPOSCOPY,Figure 4 R6.03-R6.07,45,PARTIAL_IMPLEMENTATION,Refer to colposcopy.,F4-SECOND-REPEAT-HPV-DETECTED-COLP,COLPOSCOPY: Refer to colposcopy.,lib/engine/decision-engine.ts:563 (evaluateFigure4),"The golden action may match, but deleting a critical source fact still permits a non-stop output or end-to-end support is incomplete.",HIGH,true,true,false,YES,YES,PARTIAL,PARTIAL,PARTIAL,PARTIAL
GUIDELINE,F4-SECOND-REPEAT-NOT-DETECTED-REGULAR-5Y,Figure 4 R6.03-R6.07,45,INCORRECT_OUTPUT,Return to regular five-year screening.,F4-REPEAT-HPV-NOT-DETECTED-REGULAR,REPEAT_HPV: Schedule routine recall in 60 months,lib/engine/decision-engine.ts:537 (evaluateFigure4),The implemented action does not match the source-derived ROUTINE_RECALL outcome.,HIGH,true,false,false,YES,YES,PARTIAL,PARTIAL,PARTIAL,PARTIAL
GUIDELINE,F4-SECOND-REPEAT-NOT-DETECTED-IMMUNE-3Y,Figure 4 R6.03-R6.07,45,INCORRECT_OUTPUT,Return to three-year screening.,F4-REPEAT-HPV-NOT-DETECTED-REGULAR,REPEAT_HPV: Schedule routine recall in 36 months because participant is immune deficient,lib/engine/decision-engine.ts:537 (evaluateFigure4),The implemented action does not match the source-derived ROUTINE_RECALL outcome.,HIGH,true,false,false,YES,YES,PARTIAL,PARTIAL,PARTIAL,PARTIAL
GUIDELINE,F4-TYPE3-LOW-GRADE-NORMAL-COLPOSCOPY-NO-MDM,Figure 4 R6.05,45,UPDATED_RULE_NOT_IMPLEMENTED,Continue the Figure 4 observation pathway without MDM cytological review.,F4-NORMAL-COLP-REPEAT-HPV-12M,REPEAT_HPV: Schedule repeat HPV test in 12 months in community care; recommend LBC.,lib/engine/decision-engine.ts:526 (evaluateFigure4),The current engine identifies rule version business-figures-table1-v1 and has no explicit branch for the controlling 2026 update.,HIGH,true,true,false,YES,YES,PARTIAL,PARTIAL,PARTIAL,PARTIAL
GUIDELINE,F5-MDM-PENDING-REVIEW,Figure 5 R6.08-R6.16,47,MATCH_WITH_WORDING_DIFFERENCE,Stop for MDM case review.,F5-MDM-REQUIRED,MDM_REVIEW: Complete MDM case review before selecting downstream pathway.,lib/engine/decision-engine.ts:637 (evaluateFigure5),No material action mismatch demonstrated by the golden probe; provenance/reachability may still be partial.,LOW,true,true,true,PARTIAL,YES,PARTIAL,PARTIAL,PARTIAL,PARTIAL
GUIDELINE,F5-MDM-DOWNGRADED-LSIL-PATHWAY,Figure 5 R6.08-R6.16,47,INCORRECT_REVIEW_REQUIREMENT,Follow the LSIL pathway.,F5-MDM-DOWNGRADED-LSIL,MDM_REVIEW: Follow LSIL pathway.,lib/engine/decision-engine.ts:651 (evaluateFigure5),A clinician-led source decision can be exposed without the required explicit review boundary.,MEDIUM,true,false,true,PARTIAL,YES,PARTIAL,PARTIAL,PARTIAL,PARTIAL
GUIDELINE,F5-MDM-UPGRADED-HSIL-PATHWAY,Figure 5 R6.08-R6.16,47,INCORRECT_OUTPUT,Follow the HSIL pathway; specialist treatment decision required.,F5-MDM-UPGRADED-HSIL-TREAT,COLPOSCOPY: Follow HSIL pathway and arrange treatment.,lib/engine/decision-engine.ts:664 (evaluateFigure5),The implemented action does not match the source-derived ROUTE_HSIL outcome.,HIGH,true,false,true,PARTIAL,YES,PARTIAL,PARTIAL,PARTIAL,PARTIAL
GUIDELINE,F5-CONFIRMED-ASC-H-TREATMENT-RECOMMENDED,Figure 5 R6.08-R6.16,47,INCORRECT_OUTPUT,Proceed with specialist-recommended treatment.,F5-CONFIRMED-ASCH-TREAT,COLPOSCOPY: Recommend treatment; consider type 2 excision TZ.,lib/engine/decision-engine.ts:715 (evaluateFigure5),The implemented action does not match the source-derived TREATMENT outcome.,HIGH,true,false,true,PARTIAL,YES,PARTIAL,PARTIAL,PARTIAL,PARTIAL
GUIDELINE,F5-TREATMENT-DEFERRED-ABNORMAL-TREATMENT,Figure 5 R6.08-R6.16,47,INCORRECT_OUTPUT,Treatment is recommended; consider Type 2 transformation-zone excision.,F5-CONFIRMED-ASCH-TREAT,COLPOSCOPY: Recommend treatment; consider type 2 excision TZ.,lib/engine/decision-engine.ts:715 (evaluateFigure5),The implemented action does not match the source-derived TREATMENT outcome.,HIGH,true,false,true,PARTIAL,YES,PARTIAL,PARTIAL,PARTIAL,PARTIAL
GUIDELINE,F5-TREATMENT-DEFERRED-HPV-NOT-DETECTED-TOC,Figure 5 R6.08-R6.16,47,INCORRECT_REVIEW_REQUIREMENT,Begin/continue Test of Cure co-testing.,F5-CONFIRMED-ASCH-HPV-NEG-NO-LESION-TOC,TEST_OF_CURE: Arrange Test of Cure/co-testing.,lib/engine/decision-engine.ts:682 (evaluateFigure5),A clinician-led source decision can be exposed without the required explicit review boundary.,HIGH,true,false,false,PARTIAL,YES,PARTIAL,PARTIAL,PARTIAL,PARTIAL
GUIDELINE,F5-TREATMENT-DEFERRED-HPV-DETECTED-NORMAL-12M,Figure 5 R6.08-R6.16,47,INCORRECT_REVIEW_REQUIREMENT,"Repeat colposcopy, HPV, and cytology in 12 months.",F5-CONFIRMED-ASCH-HPV-DETECTED-NORMAL-NEG-12M,"UNMAPPED_ACTUAL:F5-CONFIRMED-ASCH-HPV-DETECTED-NORMAL-NEG-12M: Repeat colposcopy, HPV, and cytology in 12 months.",lib/engine/decision-engine.ts:700 (evaluateFigure5),A clinician-led source decision can be exposed without the required explicit review boundary.,MEDIUM,true,false,true,PARTIAL,YES,PARTIAL,PARTIAL,PARTIAL,PARTIAL
GUIDELINE,F6-CIN2-UNDER30-ELIGIBLE-ACTIVE-SURVEILLANCE,Figure 6 R8.03,4,UPDATED_RULE_NOT_IMPLEMENTED,"Begin active surveillance with colposcopy, cytology, and biopsy of visible lesions every six months.",,No source-to-engine probe mapper for F6-CIN2-UNDER30-ELIGIBLE-ACTIVE-SURVEILLANCE.,,The current engine identifies rule version business-figures-table1-v1 and has no explicit branch for the controlling 2026 update.,CRITICAL,false,false,,NO,NO,NO,NO,NO,NO
GUIDELINE,F6-CIN2-SURVEILLANCE-CIN3-TREAT,Figure 6 R8.03,4,UPDATED_RULE_NOT_IMPLEMENTED,Stop surveillance and proceed to specialist treatment.,,No source-to-engine probe mapper for F6-CIN2-SURVEILLANCE-CIN3-TREAT.,,The current engine identifies rule version business-figures-table1-v1 and has no explicit branch for the controlling 2026 update.,HIGH,false,false,,NO,NO,NO,NO,NO,NO
GUIDELINE,F6-CIN2-PERSISTS-24M-TREAT,Figure 6 R8.03,4,UPDATED_RULE_NOT_IMPLEMENTED,Proceed to specialist treatment.,,No source-to-engine probe mapper for F6-CIN2-PERSISTS-24M-TREAT.,,The current engine identifies rule version business-figures-table1-v1 and has no explicit branch for the controlling 2026 update.,HIGH,false,false,,NO,NO,NO,NO,NO,NO
GUIDELINE,F6-CIN2-REGRESSION-TOC,Figure 6 R8.03,4,UPDATED_RULE_NOT_IMPLEMENTED,Discharge from surveillance into Test of Cure.,,No source-to-engine probe mapper for F6-CIN2-REGRESSION-TOC.,,The current engine identifies rule version business-figures-table1-v1 and has no explicit branch for the controlling 2026 update.,CRITICAL,false,false,,NO,NO,NO,NO,NO,NO
GUIDELINE,F6-6M-HPV-DETECTED-COLPOSCOPY,Figure 6 R8.04-R8.08,56,PARTIAL_IMPLEMENTATION,Refer to colposcopy.,F6-HPV-DETECTED-ANY-CYTOLOGY-COLP,COLPOSCOPY: Refer to colposcopy.,lib/engine/decision-engine.ts:745 (evaluateFigure6),"The golden action may match, but deleting a critical source fact still permits a non-stop output or end-to-end support is incomplete.",HIGH,true,true,false,YES,YES,PARTIAL,PARTIAL,PARTIAL,PARTIAL
GUIDELINE,F6-6M-HPV-NOT-DETECTED-HIGH-GRADE-COLPOSCOPY,Figure 6 R8.04-R8.08,56,PARTIAL_IMPLEMENTATION,Refer to colposcopy.,F6-HPV-NEG-HIGH-GRADE-COLP,COLPOSCOPY: Refer to colposcopy.,lib/engine/decision-engine.ts:805 (evaluateFigure6),"The golden action may match, but deleting a critical source fact still permits a non-stop output or end-to-end support is incomplete.",HIGH,true,true,false,YES,YES,PARTIAL,PARTIAL,PARTIAL,PARTIAL
GUIDELINE,F6-6M-HPV-NOT-DETECTED-LOW-GRADE-REPEAT-12M,Figure 6 R8.04-R8.08,56,PARTIAL_IMPLEMENTATION,Repeat HPV and cytology in 12 months.,F6-HPV-NEG-LOW-GRADE-REPEAT-12M,REPEAT_COTEST: Repeat cytology and HPV testing in 12 months.,lib/engine/decision-engine.ts:841 (evaluateFigure6),"The golden action may match, but deleting a critical source fact still permits a non-stop output or end-to-end support is incomplete.",HIGH,true,true,false,YES,YES,PARTIAL,PARTIAL,PARTIAL,PARTIAL
GUIDELINE,F6-6M-FIRST-NEGATIVE-REPEAT-12M,Figure 6 R8.04-R8.08,56,PARTIAL_IMPLEMENTATION,Repeat HPV and cytology in 12 months.,F6-FIRST-NEGATIVE-REPEAT-12M,REPEAT_COTEST: Repeat cytology and HPV testing in 12 months.,lib/engine/decision-engine.ts:788 (evaluateFigure6),"The golden action may match, but deleting a critical source fact still permits a non-stop output or end-to-end support is incomplete.",HIGH,true,true,false,YES,YES,PARTIAL,PARTIAL,PARTIAL,PARTIAL
GUIDELINE,F6-18M-SECOND-NEGATIVE-COMPLETE,Figure 6 R8.04-R8.08,56,PARTIAL_IMPLEMENTATION,Successfully complete Test of Cure and return to regular screening.,F6-SECOND-NEGATIVE-RETURN-REGULAR,TOC_COMPLETE: Schedule routine recall in 60 months,lib/engine/decision-engine.ts:782 (evaluateFigure6),"The golden action may match, but deleting a critical source fact still permits a non-stop output or end-to-end support is incomplete.",HIGH,true,true,false,YES,YES,PARTIAL,PARTIAL,PARTIAL,PARTIAL
GUIDELINE,F6-18M-HPV-DETECTED-COLPOSCOPY,Figure 6 R8.04-R8.08,56,PARTIAL_IMPLEMENTATION,Refer to colposcopy.,F6-HPV-DETECTED-ANY-CYTOLOGY-COLP,COLPOSCOPY: Refer to colposcopy.,lib/engine/decision-engine.ts:745 (evaluateFigure6),"The golden action may match, but deleting a critical source fact still permits a non-stop output or end-to-end support is incomplete.",HIGH,true,true,false,YES,YES,PARTIAL,PARTIAL,PARTIAL,PARTIAL
GUIDELINE,F6-18M-HPV-NOT-DETECTED-HIGH-GRADE-COLPOSCOPY,Figure 6 R8.04-R8.08,56,PARTIAL_IMPLEMENTATION,Refer to colposcopy.,F6-HPV-NEG-HIGH-GRADE-COLP,COLPOSCOPY: Refer to colposcopy.,lib/engine/decision-engine.ts:805 (evaluateFigure6),"The golden action may match, but deleting a critical source fact still permits a non-stop output or end-to-end support is incomplete.",HIGH,true,true,false,YES,YES,PARTIAL,PARTIAL,PARTIAL,PARTIAL
GUIDELINE,F6-18M-HPV-NOT-DETECTED-LOW-GRADE-REPEAT,Figure 6 R8.04-R8.08,56,INCORRECT_OUTPUT,Repeat HPV and cytology in 12 months.,F6-REPEAT-HPV-NEG-CYTOLOGY-ABNORMAL-COLP,COLPOSCOPY: Refer to colposcopy.,lib/engine/decision-engine.ts:824 (evaluateFigure6),The implemented action does not match the source-derived REPEAT_COTEST outcome.,HIGH,true,false,false,YES,YES,PARTIAL,PARTIAL,PARTIAL,PARTIAL
GUIDELINE,F6-AFTER-LOW-GRADE-HPV-DETECTED-COLPOSCOPY,Figure 6 R8.04-R8.08,56,PARTIAL_IMPLEMENTATION,Refer to colposcopy.,F6-HPV-DETECTED-ANY-CYTOLOGY-COLP,COLPOSCOPY: Refer to colposcopy.,lib/engine/decision-engine.ts:745 (evaluateFigure6),"The golden action may match, but deleting a critical source fact still permits a non-stop output or end-to-end support is incomplete.",HIGH,true,true,false,YES,YES,PARTIAL,PARTIAL,PARTIAL,PARTIAL
GUIDELINE,F6-AFTER-LOW-GRADE-HPV-NOT-DETECTED-ABNORMAL-COLPOSCOPY,Figure 6 R8.04-R8.08,56,PARTIAL_IMPLEMENTATION,Refer to colposcopy.,F6-REPEAT-HPV-NEG-CYTOLOGY-ABNORMAL-COLP,COLPOSCOPY: Refer to colposcopy.,lib/engine/decision-engine.ts:824 (evaluateFigure6),"The golden action may match, but deleting a critical source fact still permits a non-stop output or end-to-end support is incomplete.",HIGH,true,true,false,YES,YES,PARTIAL,PARTIAL,PARTIAL,PARTIAL
GUIDELINE,F6-AFTER-LOW-GRADE-NEGATIVE-CONTINUE-TOC,Figure 6 R8.04-R8.08,56,PARTIAL_IMPLEMENTATION,Continue Test of Cure until the required negative sequence is complete.,F6-CONTINUE-TOC-UNTIL-COMPLETE,CONTINUE_TOC: Continue Test of Cure until successful completion.,lib/engine/decision-engine.ts:764 (evaluateFigure6),"The golden action may match, but deleting a critical source fact still permits a non-stop output or end-to-end support is incomplete.",HIGH,true,true,false,YES,YES,PARTIAL,PARTIAL,PARTIAL,PARTIAL
GUIDELINE,F6-MISSING-TREATMENT-DATE-SAFETY-STOP,Figure 6 R8.04-R8.08,56,INCORRECT_OUTPUT,Stop and obtain the treatment date before calculating the six- or eighteen-month event.,F6-FIRST-NEGATIVE-REPEAT-12M,REPEAT_COTEST: Repeat cytology and HPV testing in 12 months.,lib/engine/decision-engine.ts:788 (evaluateFigure6),The implemented action does not match the source-derived SAFETY_STOP outcome.,HIGH,true,false,false,YES,YES,PARTIAL,PARTIAL,PARTIAL,PARTIAL
GUIDELINE,F6-POSITIVE-MARGINS-UNDER50-COMMUNITY-TOC,Figure 6 R8.06,56,UPDATED_RULE_NOT_IMPLEMENTED,Test of Cure follow-up may occur in primary/community care.,,"ClinicalInput has no HSIL excision-margin field, so updated R8.06 cannot be represented.",,The current engine identifies rule version business-figures-table1-v1 and has no explicit branch for the controlling 2026 update.,HIGH,false,false,,NO,NO,NO,NO,NO,NO
GUIDELINE,F6-POSITIVE-MARGINS-AGE50PLUS-SPECIALIST,Figure 6 R8.06,56,UPDATED_RULE_NOT_IMPLEMENTED,Follow the specialist/colposcopy positive-margin pathway.,,"ClinicalInput has no HSIL excision-margin field, so updated R8.06 cannot be represented.",,The current engine identifies rule version business-figures-table1-v1 and has no explicit branch for the controlling 2026 update.,HIGH,false,false,,NO,NO,NO,NO,NO,NO
GUIDELINE,F7-AG2-GYNAECOLOGY,Figure 7 R9.04-R9.10,59,EXACT_MATCH,Refer to gynaecology.,F7-AG2-GYNAECOLOGY,GYNAECOLOGY: Refer to gynaecology; do not route to colposcopy for this branch.,lib/engine/decision-engine.ts:881 (evaluateFigure7),No material action mismatch demonstrated by the golden probe; provenance/reachability may still be partial.,LOW,true,true,true,PARTIAL,YES,PARTIAL,PARTIAL,PARTIAL,PARTIAL
GUIDELINE,F7-AC2-GYNAECOLOGY,Figure 7 R9.04-R9.10,59,EXACT_MATCH,Refer to gynaecology.,F7-AC2-GYNAECOLOGY,GYNAECOLOGY: Refer to gynaecology; do not route to colposcopy for this branch.,lib/engine/decision-engine.ts:881 (evaluateFigure7),No material action mismatch demonstrated by the golden probe; provenance/reachability may still be partial.,LOW,true,true,true,PARTIAL,YES,PARTIAL,PARTIAL,PARTIAL,PARTIAL
GUIDELINE,F7-AG1-COLPOSCOPY,Figure 7 R9.04-R9.10,59,MATCH_WITH_WORDING_DIFFERENCE,Refer to colposcopy for specialist assessment.,F7-GLANDULAR-COLPOSCOPY,COLPOSCOPY: Refer to colposcopy.,lib/engine/decision-engine.ts:901 (evaluateFigure7),No material action mismatch demonstrated by the golden probe; provenance/reachability may still be partial.,LOW,true,true,true,PARTIAL,YES,PARTIAL,PARTIAL,PARTIAL,PARTIAL
GUIDELINE,F7-AG3-COLPOSCOPY,Figure 7 R9.04-R9.10,59,MATCH_WITH_WORDING_DIFFERENCE,Refer to colposcopy for specialist assessment.,F7-GLANDULAR-COLPOSCOPY,COLPOSCOPY: Refer to colposcopy.,lib/engine/decision-engine.ts:901 (evaluateFigure7),No material action mismatch demonstrated by the golden probe; provenance/reachability may still be partial.,LOW,true,true,true,PARTIAL,YES,PARTIAL,PARTIAL,PARTIAL,PARTIAL
GUIDELINE,F7-AG4-COLPOSCOPY,Figure 7 R9.04-R9.10,59,MATCH_WITH_WORDING_DIFFERENCE,Refer to colposcopy for specialist assessment.,F7-GLANDULAR-COLPOSCOPY,COLPOSCOPY: Refer to colposcopy.,lib/engine/decision-engine.ts:901 (evaluateFigure7),No material action mismatch demonstrated by the golden probe; provenance/reachability may still be partial.,LOW,true,true,true,PARTIAL,YES,PARTIAL,PARTIAL,PARTIAL,PARTIAL
GUIDELINE,F7-AG5-COLPOSCOPY,Figure 7 R9.04-R9.10,59,MATCH_WITH_WORDING_DIFFERENCE,Refer to colposcopy for specialist assessment.,F7-GLANDULAR-COLPOSCOPY,COLPOSCOPY: Refer to colposcopy.,lib/engine/decision-engine.ts:901 (evaluateFigure7),No material action mismatch demonstrated by the golden probe; provenance/reachability may still be partial.,LOW,true,true,true,PARTIAL,YES,PARTIAL,PARTIAL,PARTIAL,PARTIAL
GUIDELINE,F7-AC1-COLPOSCOPY,Figure 7 R9.04-R9.10,59,MATCH_WITH_WORDING_DIFFERENCE,Refer to colposcopy for specialist assessment.,F7-GLANDULAR-COLPOSCOPY,COLPOSCOPY: Refer to colposcopy.,lib/engine/decision-engine.ts:901 (evaluateFigure7),No material action mismatch demonstrated by the golden probe; provenance/reachability may still be partial.,LOW,true,true,true,PARTIAL,YES,PARTIAL,PARTIAL,PARTIAL,PARTIAL
GUIDELINE,F7-AC3-COLPOSCOPY,Figure 7 R9.04-R9.10,59,MATCH_WITH_WORDING_DIFFERENCE,Refer to colposcopy for specialist assessment.,F7-GLANDULAR-COLPOSCOPY,COLPOSCOPY: Refer to colposcopy.,lib/engine/decision-engine.ts:901 (evaluateFigure7),No material action mismatch demonstrated by the golden probe; provenance/reachability may still be partial.,LOW,true,true,true,PARTIAL,YES,PARTIAL,PARTIAL,PARTIAL,PARTIAL
GUIDELINE,F7-AC4-COLPOSCOPY,Figure 7 R9.04-R9.10,59,MATCH_WITH_WORDING_DIFFERENCE,Refer to colposcopy for specialist assessment.,F7-GLANDULAR-COLPOSCOPY,COLPOSCOPY: Refer to colposcopy.,lib/engine/decision-engine.ts:901 (evaluateFigure7),No material action mismatch demonstrated by the golden probe; provenance/reachability may still be partial.,LOW,true,true,true,PARTIAL,YES,PARTIAL,PARTIAL,PARTIAL,PARTIAL
GUIDELINE,F7-NO-LESION-CYTOLOGY-CONFIRMED-TYPE3-EXCISION,Figure 7 R9.04-R9.13,59,INCORRECT_OUTPUT,Specialist Type 3 excision.,F7-MDM-CONFIRMED-NOT-AG2-TYPE3,COLPOSCOPY: Arrange type 3 excision.,lib/engine/decision-engine.ts:986 (evaluateFigure7),The implemented action does not match the source-derived TYPE3_EXCISION outcome.,HIGH,true,false,true,PARTIAL,YES,PARTIAL,PARTIAL,PARTIAL,PARTIAL
GUIDELINE,F7-NO-LESION-AG2-CONFIRMED-INVESTIGATE,Figure 7 R9.04-R9.13,59,INCORRECT_OUTPUT,Investigate further for other gynaecological malignancies.,F7-MDM-AG2-INVESTIGATE-MALIGNANCIES,GYNAECOLOGY: Investigate for other gynaecological malignancies.,lib/engine/decision-engine.ts:1003 (evaluateFigure7),The implemented action does not match the source-derived GYNAECOLOGY_INVESTIGATION outcome.,HIGH,true,false,true,PARTIAL,YES,PARTIAL,PARTIAL,PARTIAL,PARTIAL
GUIDELINE,F7-NO-LESION-CYTOLOGY-NOT-CONFIRMED-6M,Figure 7 R9.04-R9.13,59,INCORRECT_REVIEW_REQUIREMENT,Repeat colposcopy in six months.,F7-MDM-CYTOLOGY-NOT-CONFIRMED-6M,MDM_REVIEW: Repeat colposcopy in 6 months.,lib/engine/decision-engine.ts:1020 (evaluateFigure7),A clinician-led source decision can be exposed without the required explicit review boundary.,MEDIUM,true,false,true,PARTIAL,YES,PARTIAL,PARTIAL,PARTIAL,PARTIAL
GUIDELINE,F7-VISIBLE-LESION-BIOPSY-AIS-TYPE3,Figure 7 R9.04-R9.13,59,INCORRECT_OUTPUT,Specialist Type 3 excision.,F7-BIOPSY-AIS-TYPE3-EXCISION,COLPOSCOPY: Arrange type 3 excision.,lib/engine/decision-engine.ts:937 (evaluateFigure7),The implemented action does not match the source-derived TYPE3_EXCISION outcome.,HIGH,true,false,false,PARTIAL,YES,PARTIAL,PARTIAL,PARTIAL,PARTIAL
GUIDELINE,F7-VISIBLE-LESION-BIOPSY-CANCER-ONCOLOGY,Figure 7 R9.04-R9.13,59,PARTIAL_IMPLEMENTATION,Refer to gynaecological oncology.,F7-BIOPSY-CANCER-ONCOLOGY,ONCOLOGY: Refer to gynaecological oncologist.,lib/engine/decision-engine.ts:953 (evaluateFigure7),"The golden action may match, but deleting a critical source fact still permits a non-stop output or end-to-end support is incomplete.",HIGH,true,true,false,PARTIAL,YES,PARTIAL,PARTIAL,PARTIAL,PARTIAL
GUIDELINE,F7-AIS-CLEAR-MARGINS-PRIMARY-CARE-6-18M,Figure 7 R9.14,59,UPDATED_RULE_NOT_IMPLEMENTED,Follow in primary/community care with co-tests at 6 and 18 months.,,ClinicalInput cannot encode AIS pre-treatment HPV status plus excision margin status and treatment date for updated R9.14.,,The current engine identifies rule version business-figures-table1-v1 and has no explicit branch for the controlling 2026 update.,HIGH,false,false,,NO,NO,NO,NO,NO,NO
GUIDELINE,F8-CANCER-STAGE1A1-LOCAL-EXCISION-TOC-COMPLETE-REGULAR,Figure 8 Screening after gynaecological cancer update,5,UPDATED_RULE_NOT_IMPLEMENTED,Return to regular NCSP screening.,,"ClinicalInput cannot encode cancer type/stage, NCSP enrolment status, or the addendum's cancer-treatment follow-up state.",,The current engine identifies rule version business-figures-table1-v1 and has no explicit branch for the controlling 2026 update.,CRITICAL,false,false,,NO,NO,NO,NO,NO,NO
GUIDELINE,F8-CANCER-STAGE1A1-TOC-ABNORMAL-COLPOSCOPY,Figure 8 Screening after gynaecological cancer update,5,UPDATED_RULE_NOT_IMPLEMENTED,Refer to colposcopy.,,"ClinicalInput cannot encode cancer type/stage, NCSP enrolment status, or the addendum's cancer-treatment follow-up state.",,The current engine identifies rule version business-figures-table1-v1 and has no explicit branch for the controlling 2026 update.,CRITICAL,false,false,,NO,NO,NO,NO,NO,NO
GUIDELINE,F8-CANCER-STAGE1A1-POST-TOC-HPV-FIG3,Figure 8 Screening after gynaecological cancer update,5,UPDATED_RULE_NOT_IMPLEMENTED,Follow the HPV primary screening pathway.,,"ClinicalInput cannot encode cancer type/stage, NCSP enrolment status, or the addendum's cancer-treatment follow-up state.",,The current engine identifies rule version business-figures-table1-v1 and has no explicit branch for the controlling 2026 update.,CRITICAL,false,false,,NO,NO,NO,NO,NO,NO
GUIDELINE,F8-CANCER-TOTAL-HYSTERECTOMY-TOC-COMPLETE-CEASE,Figure 8 Screening after gynaecological cancer update,5,UPDATED_RULE_NOT_IMPLEMENTED,Cease NCSP screening.,,"ClinicalInput cannot encode cancer type/stage, NCSP enrolment status, or the addendum's cancer-treatment follow-up state.",,The current engine identifies rule version business-figures-table1-v1 and has no explicit branch for the controlling 2026 update.,CRITICAL,false,false,,NO,NO,NO,NO,NO,NO
GUIDELINE,F8-OTHER-GYNAECOLOGICAL-CANCER-OUTSIDE-NCSP,Figure 8 Screening after gynaecological cancer update,5,UPDATED_RULE_NOT_IMPLEMENTED,No deterministic NCSP recommendation; clinician and participant determine follow-up.,,"ClinicalInput cannot encode cancer type/stage, NCSP enrolment status, or the addendum's cancer-treatment follow-up state.",,The current engine identifies rule version business-figures-table1-v1 and has no explicit branch for the controlling 2026 update.,CRITICAL,false,false,,NO,NO,NO,NO,NO,NO
GUIDELINE,F8-NONCERVICAL-CANCER-HYSTERECTOMY-HSIL-INCOMPLETE-TOC,Figure 8 Screening after gynaecological cancer update,5,UPDATED_RULE_NOT_IMPLEMENTED,Complete Test of Cure and obtain two negative co-tests 12 months apart before cessation.,,"ClinicalInput cannot encode cancer type/stage, NCSP enrolment status, or the addendum's cancer-treatment follow-up state.",,The current engine identifies rule version business-figures-table1-v1 and has no explicit branch for the controlling 2026 update.,CRITICAL,false,false,,NO,NO,NO,NO,NO,NO
GUIDELINE,F8-LOW-RISK-NO-PATHOLOGY-NO-FURTHER,Figure 8 R10.01-R10.10,67,MATCH_WITH_WORDING_DIFFERENCE,No further screening.,F8-NEG-RETURNED-NO-PATH-NO-FURTHER,NO_FURTHER_SCREENING: No further screening required.,lib/engine/decision-engine.ts:1200 (evaluateHysterectomyPathway),No material action mismatch demonstrated by the golden probe; provenance/reachability may still be partial.,LOW,true,true,true,PARTIAL,YES,PARTIAL,PARTIAL,PARTIAL,PARTIAL
GUIDELINE,F8-LOW-RISK-LSIL-HPV,Figure 8 R10.01-R10.10,67,MATCH_WITH_WORDING_DIFFERENCE,"Perform HPV test; if detected follow Figure 3, if not detected cease.",F8-NEG-RETURNED-LSIL-HPV,POST_HYSTERECTOMY_HPV: Perform HPV test and follow Figure 3.,lib/engine/decision-engine.ts:1208 (evaluateHysterectomyPathway),No material action mismatch demonstrated by the golden probe; provenance/reachability may still be partial.,LOW,true,true,true,PARTIAL,YES,PARTIAL,PARTIAL,PARTIAL,PARTIAL
GUIDELINE,F8-LOW-RISK-COMPLETE-HSIL-AIS-TOC,Figure 8 R10.01-R10.10,67,INCORRECT_OUTPUT,Complete Test of Cure.,F8-NEG-RETURNED-NO-PATH-NO-FURTHER,NO_FURTHER_SCREENING: No further screening required.,lib/engine/decision-engine.ts:1200 (evaluateHysterectomyPathway),The implemented action does not match the source-derived TEST_OF_CURE outcome.,HIGH,true,false,true,PARTIAL,YES,PARTIAL,PARTIAL,PARTIAL,PARTIAL
GUIDELINE,F8-LOW-RISK-INCOMPLETE-HSIL-AIS-COLPOSCOPY,Figure 8 R10.01-R10.10,67,INCORRECT_OUTPUT,Refer to colposcopy.,F8-NEG-RETURNED-NO-PATH-NO-FURTHER,NO_FURTHER_SCREENING: No further screening required.,lib/engine/decision-engine.ts:1200 (evaluateHysterectomyPathway),The implemented action does not match the source-derived COLPOSCOPY outcome.,HIGH,true,false,true,PARTIAL,YES,PARTIAL,PARTIAL,PARTIAL,PARTIAL
GUIDELINE,F8-NO-KNOWN-HISTORY-NO-LOW-PATHOLOGY-HPV6M,Figure 8 R10.01-R10.10,67,MATCH_WITH_WORDING_DIFFERENCE,HPV test at six months after hysterectomy.,F8-NO-HISTORY-NO-PATH-LOWGRADE-HPV-6M,POST_HYSTERECTOMY_HPV_6M: Schedule HPV test at 6 months post hysterectomy.,lib/engine/decision-engine.ts:1286 (evaluateHysterectomyPathway),No material action mismatch demonstrated by the golden probe; provenance/reachability may still be partial.,LOW,true,true,true,PARTIAL,YES,PARTIAL,PARTIAL,PARTIAL,PARTIAL
GUIDELINE,F8-PRIOR-LOW-GRADE-NOT-RETURNED-HPV,Figure 8 R10.01-R10.10,67,MATCH_WITH_WORDING_DIFFERENCE,Perform HPV test and follow Figure 3.,F8-LOWGRADE-NOT-RETURNED-NO-PATH-HPV,POST_HYSTERECTOMY_HPV: Perform HPV test and follow Figure 3.,lib/engine/decision-engine.ts:1240 (evaluateHysterectomyPathway),No material action mismatch demonstrated by the golden probe; provenance/reachability may still be partial.,LOW,true,true,true,PARTIAL,YES,PARTIAL,PARTIAL,PARTIAL,PARTIAL
GUIDELINE,F8-TREATED-HSIL-AIS-TOC-COMPLETE-NO-PATH-NO-FURTHER,Figure 8 R10.01-R10.10,67,MATCH_WITH_WORDING_DIFFERENCE,No further screening.,F8-HSIL-TOC-COMPLETE-NO-PATH-NO-FURTHER,NO_FURTHER_SCREENING: No further screening required.,lib/engine/decision-engine.ts:1220 (evaluateHysterectomyPathway),No material action mismatch demonstrated by the golden probe; provenance/reachability may still be partial.,LOW,true,true,true,PARTIAL,YES,PARTIAL,PARTIAL,PARTIAL,PARTIAL
GUIDELINE,F8-TREATED-HSIL-AIS-TOC-COMPLETE-LSIL-HPV,Figure 8 R10.01-R10.10,67,MATCH_WITH_WORDING_DIFFERENCE,Perform HPV test and follow Figure 3.,F8-HSIL-TOC-COMPLETE-LSIL-HPV,POST_HYSTERECTOMY_HPV: Perform HPV test and follow Figure 3.,lib/engine/decision-engine.ts:1228 (evaluateHysterectomyPathway),No material action mismatch demonstrated by the golden probe; provenance/reachability may still be partial.,LOW,true,true,true,PARTIAL,YES,PARTIAL,PARTIAL,PARTIAL,PARTIAL
GUIDELINE,F8-INCOMPLETE-TOC-NO-LOW-PATH-CONTINUE-TOC,Figure 8 R10.01-R10.10,67,MATCH_WITH_WORDING_DIFFERENCE,Continue Test of Cure until successful completion.,F8-INCOMPLETE-TOC-NO-PATH-LOWGRADE-TOC,CONTINUE_TOC: Continue Test of Cure until successful completion.,lib/engine/decision-engine.ts:1272 (evaluateHysterectomyPathway),No material action mismatch demonstrated by the golden probe; provenance/reachability may still be partial.,LOW,true,true,true,PARTIAL,YES,PARTIAL,PARTIAL,PARTIAL,PARTIAL
GUIDELINE,F8-UNTREATED-HSIL-AIS-NO-LOW-PATH-TOC,Figure 8 R10.01-R10.10,67,INCORRECT_OUTPUT,Complete Test of Cure.,F8-UNTREATED-HSIL-AIS-NO-PATH-LOWGRADE-TOC,CONTINUE_TOC: Continue Test of Cure until successful completion.,lib/engine/decision-engine.ts:1260 (evaluateHysterectomyPathway),The implemented action does not match the source-derived TEST_OF_CURE outcome.,HIGH,true,false,true,PARTIAL,YES,PARTIAL,PARTIAL,PARTIAL,PARTIAL
GUIDELINE,F8-ANY-HIGH-GRADE-COMPLETE-TOC,Figure 8 R10.01-R10.10,67,MATCH_WITH_WORDING_DIFFERENCE,Complete Test of Cure.,F8-HSIL-AIS-COMPLETE-TOC,TEST_OF_CURE: Start or continue Test of Cure pathway.,lib/engine/decision-engine.ts:1051 (hysterectomyHighGradeOutcome),No material action mismatch demonstrated by the golden probe; provenance/reachability may still be partial.,LOW,true,true,true,PARTIAL,YES,PARTIAL,PARTIAL,PARTIAL,PARTIAL
GUIDELINE,F8-ANY-HIGH-GRADE-INCOMPLETE-COLPOSCOPY,Figure 8 R10.01-R10.10,67,MATCH_WITH_WORDING_DIFFERENCE,Refer to colposcopy.,F8-HSIL-AIS-INCOMPLETE-COLP,COLPOSCOPY: Refer to colposcopy.,lib/engine/decision-engine.ts:1063 (hysterectomyHighGradeOutcome),No material action mismatch demonstrated by the golden probe; provenance/reachability may still be partial.,LOW,true,true,true,PARTIAL,YES,PARTIAL,PARTIAL,PARTIAL,PARTIAL
GUIDELINE,T1-NEGATIVE-OR-RETURNED-REGULAR-NO-PATHOLOGY,Table 1 R10.01-R10.10,66,MATCH_WITH_WORDING_DIFFERENCE,No further screening.,T1-NEG-RETURNED-NO-PATH-NO-FURTHER,NO_FURTHER_SCREENING: No further screening required.,lib/engine/decision-engine.ts:1200 (evaluateHysterectomyPathway),No material action mismatch demonstrated by the golden probe; provenance/reachability may still be partial.,LOW,true,true,true,PARTIAL,YES,PARTIAL,PARTIAL,PARTIAL,PARTIAL
GUIDELINE,T1-NEGATIVE-OR-RETURNED-REGULAR-LSIL-CIN1,Table 1 R10.01-R10.10,66,MATCH_WITH_WORDING_DIFFERENCE,HPV test and follow Figure 3.,T1-NEG-RETURNED-LSIL-HPV,POST_HYSTERECTOMY_HPV: Perform HPV test and follow Figure 3.,lib/engine/decision-engine.ts:1208 (evaluateHysterectomyPathway),No material action mismatch demonstrated by the golden probe; provenance/reachability may still be partial.,LOW,true,true,true,PARTIAL,YES,PARTIAL,PARTIAL,PARTIAL,PARTIAL
GUIDELINE,T1-NEGATIVE-OR-RETURNED-REGULAR-HSIL-AIS-COMPLETE,Table 1 R10.01-R10.10,66,MATCH_WITH_WORDING_DIFFERENCE,Test of Cure.,T1-HSIL-AIS-COMPLETE-TOC,TEST_OF_CURE: Start or continue Test of Cure pathway.,lib/engine/decision-engine.ts:1051 (hysterectomyHighGradeOutcome),No material action mismatch demonstrated by the golden probe; provenance/reachability may still be partial.,LOW,true,true,true,PARTIAL,YES,PARTIAL,PARTIAL,PARTIAL,PARTIAL
GUIDELINE,T1-NEGATIVE-OR-RETURNED-REGULAR-HSIL-AIS-INCOMPLETE,Table 1 R10.01-R10.10,66,MATCH_WITH_WORDING_DIFFERENCE,Colposcopy.,T1-HSIL-AIS-INCOMPLETE-COLP,COLPOSCOPY: Refer to colposcopy.,lib/engine/decision-engine.ts:1063 (hysterectomyHighGradeOutcome),No material action mismatch demonstrated by the golden probe; provenance/reachability may still be partial.,LOW,true,true,true,PARTIAL,YES,PARTIAL,PARTIAL,PARTIAL,PARTIAL
GUIDELINE,T1-LOW-GRADE-NOT-RETURNED-NO-PATHOLOGY,Table 1 R10.01-R10.10,66,MATCH_WITH_WORDING_DIFFERENCE,HPV test and follow Figure 3.,T1-LOWGRADE-NOT-RETURNED-NO-PATH-HPV,POST_HYSTERECTOMY_HPV: Perform HPV test and follow Figure 3.,lib/engine/decision-engine.ts:1240 (evaluateHysterectomyPathway),No material action mismatch demonstrated by the golden probe; provenance/reachability may still be partial.,LOW,true,true,true,PARTIAL,YES,PARTIAL,PARTIAL,PARTIAL,PARTIAL
GUIDELINE,T1-LOW-GRADE-NOT-RETURNED-LSIL-CIN1,Table 1 R10.01-R10.10,66,MATCH_WITH_WORDING_DIFFERENCE,HPV test and follow Figure 3.,T1-LOWGRADE-NOT-RETURNED-NO-PATH-HPV,POST_HYSTERECTOMY_HPV: Perform HPV test and follow Figure 3.,lib/engine/decision-engine.ts:1240 (evaluateHysterectomyPathway),No material action mismatch demonstrated by the golden probe; provenance/reachability may still be partial.,LOW,true,true,true,PARTIAL,YES,PARTIAL,PARTIAL,PARTIAL,PARTIAL
GUIDELINE,T1-LOW-GRADE-NOT-RETURNED-HSIL-AIS-COMPLETE,Table 1 R10.01-R10.10,66,MATCH_WITH_WORDING_DIFFERENCE,Test of Cure.,T1-HSIL-AIS-COMPLETE-TOC,TEST_OF_CURE: Start or continue Test of Cure pathway.,lib/engine/decision-engine.ts:1051 (hysterectomyHighGradeOutcome),No material action mismatch demonstrated by the golden probe; provenance/reachability may still be partial.,LOW,true,true,true,PARTIAL,YES,PARTIAL,PARTIAL,PARTIAL,PARTIAL
GUIDELINE,T1-LOW-GRADE-NOT-RETURNED-HSIL-AIS-INCOMPLETE,Table 1 R10.01-R10.10,66,MATCH_WITH_WORDING_DIFFERENCE,Colposcopy.,T1-HSIL-AIS-INCOMPLETE-COLP,COLPOSCOPY: Refer to colposcopy.,lib/engine/decision-engine.ts:1063 (hysterectomyHighGradeOutcome),No material action mismatch demonstrated by the golden probe; provenance/reachability may still be partial.,LOW,true,true,true,PARTIAL,YES,PARTIAL,PARTIAL,PARTIAL,PARTIAL
GUIDELINE,T1-TREATED-HSIL-TOC-COMPLETE-NO-PATHOLOGY,Table 1 R10.01-R10.10,66,MATCH_WITH_WORDING_DIFFERENCE,No further screening.,T1-HSIL-TOC-COMPLETE-NO-PATH-NO-FURTHER,NO_FURTHER_SCREENING: No further screening required.,lib/engine/decision-engine.ts:1220 (evaluateHysterectomyPathway),No material action mismatch demonstrated by the golden probe; provenance/reachability may still be partial.,LOW,true,true,true,PARTIAL,YES,PARTIAL,PARTIAL,PARTIAL,PARTIAL
GUIDELINE,T1-TREATED-HSIL-TOC-COMPLETE-LSIL-CIN1,Table 1 R10.01-R10.10,66,MATCH_WITH_WORDING_DIFFERENCE,HPV test and follow Figure 3.,T1-HSIL-TOC-COMPLETE-LSIL-HPV,POST_HYSTERECTOMY_HPV: Perform HPV test and follow Figure 3.,lib/engine/decision-engine.ts:1228 (evaluateHysterectomyPathway),No material action mismatch demonstrated by the golden probe; provenance/reachability may still be partial.,LOW,true,true,true,PARTIAL,YES,PARTIAL,PARTIAL,PARTIAL,PARTIAL
GUIDELINE,T1-TREATED-HSIL-TOC-COMPLETE-HSIL-AIS-COMPLETE,Table 1 R10.01-R10.10,66,MATCH_WITH_WORDING_DIFFERENCE,Test of Cure.,T1-HSIL-AIS-COMPLETE-TOC,TEST_OF_CURE: Start or continue Test of Cure pathway.,lib/engine/decision-engine.ts:1051 (hysterectomyHighGradeOutcome),No material action mismatch demonstrated by the golden probe; provenance/reachability may still be partial.,LOW,true,true,true,PARTIAL,YES,PARTIAL,PARTIAL,PARTIAL,PARTIAL
GUIDELINE,T1-TREATED-HSIL-TOC-COMPLETE-HSIL-AIS-INCOMPLETE,Table 1 R10.01-R10.10,66,MATCH_WITH_WORDING_DIFFERENCE,Colposcopy.,T1-HSIL-AIS-INCOMPLETE-COLP,COLPOSCOPY: Refer to colposcopy.,lib/engine/decision-engine.ts:1063 (hysterectomyHighGradeOutcome),No material action mismatch demonstrated by the golden probe; provenance/reachability may still be partial.,LOW,true,true,true,PARTIAL,YES,PARTIAL,PARTIAL,PARTIAL,PARTIAL
GUIDELINE,T1-HSIL-AIS-UNTREATED-INCOMPLETE-NO-OR-LOW-PATHOLOGY,Table 1 R10.01-R10.10,66,INCORRECT_OUTPUT,Test of Cure.,T1-UNTREATED-HSIL-AIS-NO-PATH-LOWGRADE-TOC,CONTINUE_TOC: Continue Test of Cure until successful completion.,lib/engine/decision-engine.ts:1260 (evaluateHysterectomyPathway),The implemented action does not match the source-derived TEST_OF_CURE outcome.,HIGH,true,false,true,PARTIAL,YES,PARTIAL,PARTIAL,PARTIAL,PARTIAL
GUIDELINE,T1-HSIL-AIS-UNTREATED-INCOMPLETE-HSIL-AIS-COMPLETE,Table 1 R10.01-R10.10,66,MATCH_WITH_WORDING_DIFFERENCE,Test of Cure.,T1-HSIL-AIS-COMPLETE-TOC,TEST_OF_CURE: Start or continue Test of Cure pathway.,lib/engine/decision-engine.ts:1051 (hysterectomyHighGradeOutcome),No material action mismatch demonstrated by the golden probe; provenance/reachability may still be partial.,LOW,true,true,true,PARTIAL,YES,PARTIAL,PARTIAL,PARTIAL,PARTIAL
GUIDELINE,T1-HSIL-AIS-UNTREATED-INCOMPLETE-HSIL-AIS-INCOMPLETE,Table 1 R10.01-R10.10,66,MATCH_WITH_WORDING_DIFFERENCE,Colposcopy.,T1-HSIL-AIS-INCOMPLETE-COLP,COLPOSCOPY: Refer to colposcopy.,lib/engine/decision-engine.ts:1063 (hysterectomyHighGradeOutcome),No material action mismatch demonstrated by the golden probe; provenance/reachability may still be partial.,LOW,true,true,true,PARTIAL,YES,PARTIAL,PARTIAL,PARTIAL,PARTIAL
GUIDELINE,T1-PREVIOUS-TREATMENT-INCOMPLETE-TOC-NO-OR-LOW-PATHOLOGY,Table 1 R10.01-R10.10,66,INCORRECT_OUTPUT,Test of Cure.,T1-INCOMPLETE-TOC-NO-PATH-LOWGRADE-TOC,CONTINUE_TOC: Continue Test of Cure until successful completion.,lib/engine/decision-engine.ts:1272 (evaluateHysterectomyPathway),The implemented action does not match the source-derived TEST_OF_CURE outcome.,HIGH,true,false,true,PARTIAL,YES,PARTIAL,PARTIAL,PARTIAL,PARTIAL
GUIDELINE,T1-PREVIOUS-TREATMENT-INCOMPLETE-TOC-HSIL-AIS-COMPLETE,Table 1 R10.01-R10.10,66,MATCH_WITH_WORDING_DIFFERENCE,Test of Cure.,T1-HSIL-AIS-COMPLETE-TOC,TEST_OF_CURE: Start or continue Test of Cure pathway.,lib/engine/decision-engine.ts:1051 (hysterectomyHighGradeOutcome),No material action mismatch demonstrated by the golden probe; provenance/reachability may still be partial.,LOW,true,true,true,PARTIAL,YES,PARTIAL,PARTIAL,PARTIAL,PARTIAL
GUIDELINE,T1-PREVIOUS-TREATMENT-INCOMPLETE-TOC-HSIL-AIS-INCOMPLETE,Table 1 R10.01-R10.10,66,MATCH_WITH_WORDING_DIFFERENCE,Colposcopy.,T1-HSIL-AIS-INCOMPLETE-COLP,COLPOSCOPY: Refer to colposcopy.,lib/engine/decision-engine.ts:1063 (hysterectomyHighGradeOutcome),No material action mismatch demonstrated by the golden probe; provenance/reachability may still be partial.,LOW,true,true,true,PARTIAL,YES,PARTIAL,PARTIAL,PARTIAL,PARTIAL
GUIDELINE,T1-NO-KNOWN-HISTORY-NO-OR-LOW-PATHOLOGY,Table 1 R10.01-R10.10,66,MATCH_WITH_WORDING_DIFFERENCE,HPV test at six months post-hysterectomy.,T1-NO-HISTORY-NO-PATH-LOWGRADE-HPV-6M,POST_HYSTERECTOMY_HPV_6M: Schedule HPV test at 6 months post hysterectomy.,lib/engine/decision-engine.ts:1286 (evaluateHysterectomyPathway),No material action mismatch demonstrated by the golden probe; provenance/reachability may still be partial.,LOW,true,true,true,PARTIAL,YES,PARTIAL,PARTIAL,PARTIAL,PARTIAL
GUIDELINE,T1-NO-KNOWN-HISTORY-HSIL-AIS-COMPLETE,Table 1 R10.01-R10.10,66,MATCH_WITH_WORDING_DIFFERENCE,Test of Cure.,T1-HSIL-AIS-COMPLETE-TOC,TEST_OF_CURE: Start or continue Test of Cure pathway.,lib/engine/decision-engine.ts:1051 (hysterectomyHighGradeOutcome),No material action mismatch demonstrated by the golden probe; provenance/reachability may still be partial.,LOW,true,true,true,PARTIAL,YES,PARTIAL,PARTIAL,PARTIAL,PARTIAL
GUIDELINE,T1-NO-KNOWN-HISTORY-HSIL-AIS-INCOMPLETE,Table 1 R10.01-R10.10,66,MATCH_WITH_WORDING_DIFFERENCE,Colposcopy.,T1-HSIL-AIS-INCOMPLETE-COLP,COLPOSCOPY: Refer to colposcopy.,lib/engine/decision-engine.ts:1063 (hysterectomyHighGradeOutcome),No material action mismatch demonstrated by the golden probe; provenance/reachability may still be partial.,LOW,true,true,true,PARTIAL,YES,PARTIAL,PARTIAL,PARTIAL,PARTIAL
GUIDELINE,F9-PREGNANT-ASC-H-INITIAL-COLPOSCOPY,Figure 9 R11.01-R11.06,71,MATCH_WITH_WORDING_DIFFERENCE,Refer for colposcopy by an experienced colposcopist; do not treat autonomously.,F9-INITIAL-COLPOSCOPY,COLPOSCOPY: Arrange colposcopy.,lib/engine/decision-engine.ts:1325 (evaluateFigure9),No material action mismatch demonstrated by the golden probe; provenance/reachability may still be partial.,LOW,true,true,true,PARTIAL,YES,PARTIAL,PARTIAL,PARTIAL,PARTIAL
GUIDELINE,F9-PREGNANT-HSIL-INITIAL-COLPOSCOPY,Figure 9 R11.01-R11.06,71,MATCH_WITH_WORDING_DIFFERENCE,Refer for colposcopy by an experienced colposcopist; do not treat autonomously.,F9-INITIAL-COLPOSCOPY,COLPOSCOPY: Arrange colposcopy.,lib/engine/decision-engine.ts:1325 (evaluateFigure9),No material action mismatch demonstrated by the golden probe; provenance/reachability may still be partial.,LOW,true,true,true,PARTIAL,YES,PARTIAL,PARTIAL,PARTIAL,PARTIAL
GUIDELINE,F9-PREGNANT-ATYPICAL-GLANDULAR-INITIAL-COLPOSCOPY,Figure 9 R11.01-R11.06,71,MATCH_WITH_WORDING_DIFFERENCE,Refer for colposcopy by an experienced colposcopist; do not treat autonomously.,F9-INITIAL-COLPOSCOPY,COLPOSCOPY: Arrange colposcopy.,lib/engine/decision-engine.ts:1325 (evaluateFigure9),No material action mismatch demonstrated by the golden probe; provenance/reachability may still be partial.,LOW,true,true,true,PARTIAL,YES,PARTIAL,PARTIAL,PARTIAL,PARTIAL
GUIDELINE,F9-PREGNANT-AIS-INITIAL-COLPOSCOPY,Figure 9 R11.01-R11.06,71,MATCH_WITH_WORDING_DIFFERENCE,Refer for colposcopy by an experienced colposcopist; do not treat autonomously.,F9-INITIAL-COLPOSCOPY,COLPOSCOPY: Arrange colposcopy.,lib/engine/decision-engine.ts:1325 (evaluateFigure9),No material action mismatch demonstrated by the golden probe; provenance/reachability may still be partial.,LOW,true,true,true,PARTIAL,YES,PARTIAL,PARTIAL,PARTIAL,PARTIAL
GUIDELINE,F9-NORMAL-TZ-MDM-DOWNGRADE-NEGATIVE-F3,Figure 9 R11.01-R11.11,71,INCORRECT_REVIEW_REQUIREMENT,Follow Figure 3 HPV primary screening.,F9-MDM-DOWNGRADED-NEGATIVE-FIG3,MDM_REVIEW: Follow Figure 3.,lib/engine/decision-engine.ts:1349 (evaluateFigure9),A clinician-led source decision can be exposed without the required explicit review boundary.,MEDIUM,true,false,true,PARTIAL,YES,PARTIAL,PARTIAL,PARTIAL,PARTIAL
GUIDELINE,F9-NORMAL-TZ-MDM-DOWNGRADE-LOW-GRADE,Figure 9 R11.01-R11.11,71,INCORRECT_REVIEW_REQUIREMENT,Follow the LSIL pathway.,F9-MDM-DOWNGRADED-LSIL,MDM_REVIEW: Follow the LSIL pathway.,lib/engine/decision-engine.ts:1361 (evaluateFigure9),A clinician-led source decision can be exposed without the required explicit review boundary.,MEDIUM,true,false,true,PARTIAL,YES,PARTIAL,PARTIAL,PARTIAL,PARTIAL
GUIDELINE,F9-NORMAL-TZ-MDM-CONFIRMS-HIGH-GRADE-REVIEW,Figure 9 R11.01-R11.11,71,INCORRECT_REVIEW_REQUIREMENT,Colposcopy review in six months or 6–12 weeks postpartum.,F9-MDM-CONFIRMED-HIGH-GRADE-REVIEW,MDM_REVIEW: Schedule colposcopy review in 6 months or at 6-12 weeks postpartum.,lib/engine/decision-engine.ts:1373 (evaluateFigure9),A clinician-led source decision can be exposed without the required explicit review boundary.,MEDIUM,true,false,true,PARTIAL,YES,PARTIAL,PARTIAL,PARTIAL,PARTIAL
GUIDELINE,F9-ABNORMAL-TZ-LSIL-HSIL-AIS-REVIEW,Figure 9 R11.01-R11.11,71,INCORRECT_REVIEW_REQUIREMENT,Colposcopy review in six months or 6–12 weeks postpartum.,F9-ABNORMAL-TZ-REVIEW,PREGNANCY_COLPOSCOPY_REVIEW: Schedule colposcopy review in 6 months or at 6-12 weeks postpartum.,lib/engine/decision-engine.ts:1443 (evaluateFigure9),A clinician-led source decision can be exposed without the required explicit review boundary.,MEDIUM,true,false,true,PARTIAL,YES,PARTIAL,PARTIAL,PARTIAL,PARTIAL
GUIDELINE,F9-INVASION-BIOPSY-POSITIVE-ONCOLOGY,Figure 9 R11.01-R11.11,71,PARTIAL_IMPLEMENTATION,Refer to gynaecological oncology.,F9-BIOPSY-POSITIVE-INVASION-ONCOLOGY,ONCOLOGY: Refer to Gynaecological Oncologist.,lib/engine/decision-engine.ts:1414 (evaluateFigure9),"The golden action may match, but deleting a critical source fact still permits a non-stop output or end-to-end support is incomplete.",HIGH,true,true,false,PARTIAL,YES,PARTIAL,PARTIAL,PARTIAL,PARTIAL
GUIDELINE,F9-INVASION-BIOPSY-NEGATIVE-MDM,Figure 9 R11.01-R11.11,71,PARTIAL_IMPLEMENTATION,MDM case review.,F9-BIOPSY-NEGATIVE-INVASION-MDM,MDM_REVIEW: Complete MDM case review.,lib/engine/decision-engine.ts:1429 (evaluateFigure9),"The golden action may match, but deleting a critical source fact still permits a non-stop output or end-to-end support is incomplete.",HIGH,true,true,false,PARTIAL,YES,PARTIAL,PARTIAL,PARTIAL,PARTIAL
GUIDELINE,F10-SINGLE-PREMENOPAUSAL-PCB-REASSURING-NO-COLPOSCOPY,Figure 10 R15.02,83,UNSUPPORTED_BY_DATA_MODEL,No colposcopy referral is required; continue appropriate screening and clinical follow-up.,,"ClinicalInput cannot encode menopausal status, episode count/persistence, or the full reassuring co-test combination required by R15.02/R15.05/R15.06.",,"Required source facts cannot be represented, so NO_COLPOSCOPY cannot be reproduced safely.",HIGH,false,false,,NO,NO,NO,NO,NO,NO
GUIDELINE,F10-RECURRENT-PERSISTENT-PCB-GYNAECOLOGY,Figure 10 R15.02,83,UNSUPPORTED_BY_DATA_MODEL,"Refer to gynaecology for assessment, which may include colposcopy.",,"ClinicalInput cannot encode menopausal status, episode count/persistence, or the full reassuring co-test combination required by R15.02/R15.05/R15.06.",,"Required source facts cannot be represented, so GYNAECOLOGY cannot be reproduced safely.",HIGH,false,false,,NO,NO,NO,NO,NO,NO
GUIDELINE,F10-PERSISTENT-UNEXPLAINED-IMB-GYNAECOLOGY,Figure 10 R15.05,83,UNSUPPORTED_BY_DATA_MODEL,Refer for specialist gynaecological assessment regardless of test results.,,"ClinicalInput cannot encode menopausal status, episode count/persistence, or the full reassuring co-test combination required by R15.02/R15.05/R15.06.",,"Required source facts cannot be represented, so GYNAECOLOGY cannot be reproduced safely.",HIGH,false,false,,NO,NO,NO,NO,NO,NO
GUIDELINE,F10-POSTMENOPAUSAL-BLEEDING-EXAM-COTEST-GYNAECOLOGY,Figure 10 R15.06,83,UNSUPPORTED_BY_DATA_MODEL,"Examine, obtain a co-test, and refer for specialist gynaecological assessment; do not delay for blood or results.",,"ClinicalInput cannot encode menopausal status, episode count/persistence, or the full reassuring co-test combination required by R15.02/R15.05/R15.06.",,"Required source facts cannot be represented, so URGENT_GYNAECOLOGY cannot be reproduced safely.",CRITICAL,false,false,,NO,NO,NO,NO,NO,NO
GUIDELINE,F10-CANCER-SIGNS-URGENT-GYNAECOLOGY,Figure 10 R15.01-R15.06,83,PARTIAL_IMPLEMENTATION,Refer for gynaecological assessment without delay; do not wait for co-test results.,F10-CANCER-SYMPTOMS-URGENT-GYN,URGENT_GYNAECOLOGY: Refer for urgent gynaecological assessment without delay.,lib/engine/decision-engine.ts:1463 (evaluateFigure10),"The golden action may match, but deleting a critical source fact still permits a non-stop output or end-to-end support is incomplete.",HIGH,true,true,false,YES,YES,PARTIAL,PARTIAL,PARTIAL,PARTIAL
GUIDELINE,F10-ABNORMAL-CERVIX-CANCER-COTEST-COLPOSCOPY,Figure 10 R15.01-R15.06,83,MATCH_WITH_WORDING_DIFFERENCE,Perform co-test and refer to colposcopy; do not delay referral for the co-test.,F10-ABNORMAL-CERVIX-CANCER-COTEST-COLP,COLPOSCOPY: Complete co-test and refer to colposcopy.,lib/engine/decision-engine.ts:1542 (evaluateFigure10),No material action mismatch demonstrated by the golden probe; provenance/reachability may still be partial.,LOW,true,true,true,YES,YES,PARTIAL,PARTIAL,PARTIAL,PARTIAL
GUIDELINE,F10-ABNORMAL-CERVIX-NO-CANCER-LOCAL-REVIEW,Figure 10 R15.01-R15.06,83,INCORRECT_DESTINATION,"Treat according to approved Healthcare Pathways or refer to gynaecology, then review.",F10-ABNORMAL-CERVIX-NO-CANCER-REVIEW,LOCAL_PATHWAY_REVIEW: Treat according to Healthcare Pathways or refer to gynaecology; create 6-8 week review.,lib/engine/decision-engine.ts:1558 (evaluateFigure10),The implementation sends the case to a different service than the source pathway.,HIGH,true,false,true,YES,YES,PARTIAL,PARTIAL,PARTIAL,PARTIAL
GUIDELINE,F10-NORMAL-CERVIX-OCP-ADJUST-REVIEW,Figure 10 R15.01-R15.06,83,MATCH_WITH_WORDING_DIFFERENCE,Adjust oral contraceptive and review bleeding.,F10-OCP-ADJUST-REVIEW,OCP_REVIEW: Adjust oral contraceptive and create 6-8 week review.,lib/engine/decision-engine.ts:1577 (evaluateFigure10),No material action mismatch demonstrated by the golden probe; provenance/reachability may still be partial.,LOW,true,true,true,YES,YES,PARTIAL,PARTIAL,PARTIAL,PARTIAL
GUIDELINE,F10-NORMAL-CERVIX-STI-TREAT-REVIEW,Figure 10 R15.01-R15.06,83,INCORRECT_OUTPUT,Treat STI and review bleeding.,F10-STI-TREAT-REVIEW,TREATMENT: Treat STI and create 6-8 week bleeding review.,lib/engine/decision-engine.ts:1607 (evaluateFigure10),The implemented action does not match the source-derived STI_REVIEW outcome.,HIGH,true,false,false,YES,YES,PARTIAL,PARTIAL,PARTIAL,PARTIAL
GUIDELINE,F10-NORMAL-CERVIX-NO-STI-LOCAL-PATHWAY,Figure 10 R15.01-R15.06,83,INCORRECT_DESTINATION,Manage according to an approved Healthcare Pathway or refer to gynaecology.,F10-NO-STI-HEALTHCARE-PATHWAYS,LOCAL_PATHWAY_REVIEW: Manage according to Healthcare Pathways or refer to gynaecology; create 6-8 week review if treated locally.,lib/engine/decision-engine.ts:1622 (evaluateFigure10),The implementation sends the case to a different service than the source pathway.,HIGH,true,false,false,YES,YES,PARTIAL,PARTIAL,PARTIAL,PARTIAL
GUIDELINE,F10-REVIEW-BLEEDING-RESOLVED-AGE25PLUS,Figure 10 R15.01-R15.06,83,MATCH_WITH_WORDING_DIFFERENCE,Continue regular cervical screening.,F10-REVIEW-RESOLVED-SCREENING,ROUTINE_SCREENING: Continue regular cervical screening.,lib/engine/decision-engine.ts:1494 (evaluateFigure10),No material action mismatch demonstrated by the golden probe; provenance/reachability may still be partial.,LOW,true,true,true,YES,YES,PARTIAL,PARTIAL,PARTIAL,PARTIAL
GUIDELINE,F10-REVIEW-BLEEDING-RESOLVED-UNDER25,Figure 10 R15.01-R15.06,83,MATCH_WITH_WORDING_DIFFERENCE,Commence routine cervical screening at age 25.,F10-REVIEW-RESOLVED-SCREENING,SCREEN_AT_25: Commence routine cervical screening at age 25.,lib/engine/decision-engine.ts:1494 (evaluateFigure10),No material action mismatch demonstrated by the golden probe; provenance/reachability may still be partial.,LOW,true,true,true,YES,YES,PARTIAL,PARTIAL,PARTIAL,PARTIAL
GUIDELINE,F10-REVIEW-BLEEDING-PERSISTS-GYNAECOLOGY,Figure 10 R15.01-R15.06,83,MATCH_WITH_WORDING_DIFFERENCE,Refer to gynaecology.,F10-REVIEW-UNRESOLVED-GYNAECOLOGY,GYNAECOLOGY: Refer to gynaecology.,lib/engine/decision-engine.ts:1507 (evaluateFigure10),No material action mismatch demonstrated by the golden probe; provenance/reachability may still be partial.,LOW,true,true,true,YES,YES,PARTIAL,PARTIAL,PARTIAL,PARTIAL
IMPLEMENTED_ONLY,AGE-70-74-DEFERRED,No exact supplied national/local source for the implemented formulation,,POSSIBLE_OVERREACH,Requires source reconciliation or clinical governance.,AGE-70-74-DEFERRED,Unconditional age routing precedes current HPV-result management and intercepts HPV 16/18.,lib/engine/decision-engine.ts:1681,Unconditional age routing precedes current HPV-result management and intercepts HPV 16/18.,CRITICAL,false,false,,YES,YES,YES,PARTIAL,PARTIAL,PARTIAL
IMPLEMENTED_ONLY,AGE-75-DISCHARGE,No exact supplied national/local source for the implemented formulation,,POSSIBLE_OVERREACH,Requires source reconciliation or clinical governance.,AGE-75-DISCHARGE,Age-only discharge is not conditioned on the negative exit-test/history requirements.,lib/engine/decision-engine.ts:1670,Age-only discharge is not conditioned on the negative exit-test/history requirements.,CRITICAL,false,false,,YES,YES,YES,PARTIAL,PARTIAL,PARTIAL
IMPLEMENTED_ONLY,F3-INAD-3M,No exact supplied national/local source for the implemented formulation,,UNSOURCED_IMPLEMENTED_RULE,Requires source reconciliation or clinical governance.,F3-INAD-3M,The source says invalid/unsuitable HPV may be repeated without delay/as soon as practicable; the code fixes a three-month interval.,lib/engine/decision-engine.ts:380,The source says invalid/unsuitable HPV may be repeated without delay/as soon as practicable; the code fixes a three-month interval.,HIGH,false,false,,YES,YES,YES,PARTIAL,PARTIAL,PARTIAL
IMPLEMENTED_ONLY,ENGINE-REFERRAL-PRIORITIES,No exact supplied national/local source for the implemented formulation,,LOCAL_RULE_REQUIRES_GOVERNANCE,Requires source reconciliation or clinical governance.,ENGINE-REFERRAL-PRIORITIES,P1/P2 priorities are embedded throughout the national-pathway engine without an approved local booking source in the package.,multiple engine branches,P1/P2 priorities are embedded throughout the national-pathway engine without an approved local booking source in the package.,MEDIUM,false,false,,PARTIAL,PARTIAL,PARTIAL,PARTIAL,PARTIAL,PARTIAL
IMPLEMENTED_ONLY,F7-DETERMINISTIC-SPECIALIST-OUTPUTS,No exact supplied national/local source for the implemented formulation,,POSSIBLE_OVERREACH,Requires source reconciliation or clinical governance.,F7-DETERMINISTIC-SPECIALIST-OUTPUTS,"MDM, biopsy, excision, and oncology-dependent branches are represented as terminal codes that need explicit clinician-only governance.",multiple engine branches,"MDM, biopsy, excision, and oncology-dependent branches are represented as terminal codes that need explicit clinician-only governance.",HIGH,false,false,,PARTIAL,PARTIAL,PARTIAL,PARTIAL,PARTIAL,PARTIAL
IMPLEMENTED_ONLY,F10-FIXED-2-MONTH-RECALL,No exact supplied national/local source for the implemented formulation,,MATCH_WITH_WORDING_DIFFERENCE,Requires source reconciliation or clinical governance.,F10-FIXED-2-MONTH-RECALL,The source states 6–8 weeks while the code stores two months; display/provenance should preserve the exact source range.,multiple engine branches,The source states 6–8 weeks while the code stores two months; display/provenance should preserve the exact source range.,LOW,false,false,,PARTIAL,PARTIAL,PARTIAL,PARTIAL,PARTIAL,PARTIAL
