defect_id,severity,status,figure_or_table,controlling_source,source_rule_id,synthetic_input,expected,actual,branch_trace,code_location,clinical_consequence,demo_blocker,validation_blocker,pilot_blocker,new_in_full_audit,recommended_remediation
"AUD-001","HIGH","CONFIRMED","Figure 3","2023 v1.1 p24/PDF26; R4.01; Figure 3","F3-BASELINE-LBC-HPV-NOT-DETECTED-COMPETENT-5Y","HPV NOT_DETECTED; sample type absent; immune status false","INSUFFICIENT_INFORMATION; obtain sample type before a terminal pathway decision","F3-HPV-NOT-DETECTED-5Y; routine five-year recall","FIGURE_3 > HPV_NOT_DETECTED > ROUTINE_SCREENING","lib/engine/decision-engine.ts:339-372","A missing specimen fact can be concealed by confident routine reassurance.","YES","YES","YES","NO","Make sample type and provenance an explicit required tri-state input and hard-stop before recall selection."
"AUD-002","HIGH","CONFIRMED","Figure 3 / Figure 4","2026 immune-deficiency guidance v1.0.1 pp1-3; 2023 Figure 3 p24/PDF26","F3-HPV-NOT-DETECTED-UNKNOWN-IMMUNE-SAFETY-STOP","HPV NOT_DETECTED; LBC; immune status absent/undefined","INSUFFICIENT_INFORMATION; resolve immune classification before selecting three- or five-year recall","F3-HPV-NOT-DETECTED-5Y","FIGURE_3 > HPV_NOT_DETECTED > ROUTINE_SCREENING","lib/engine/types.ts:141; lib/engine/decision-engine.ts:366-372; lib/batch/validation.ts:111-114; app/api/pathway/sessions/[id]/complete/route.ts:117-120","Unknown immune status is silently treated as immune competent and can lengthen recall from three to five years.","YES","YES","YES","NO","Replace Boolean/default-false handling with UNKNOWN/COMPETENT/DEFICIENT/CASE_BY_CASE and preserve the classified basis."
"AUD-003","CRITICAL","CONFIRMED","Figure 3","2023 v1.1 p24/PDF26; Figure 3; R4.04-R4.06","F3-BASELINE-LBC-HPV1618-COLPOSCOPY","age 70; HPV_16_18; LBC","F3-1618-COLP; colposcopy referral","AGE-70-74-DEFERRED; no referral","FIGURE_3 > AGE-70-74-DEFERRED","lib/engine/decision-engine.ts:1653-1686 before 1711-1727","A detected HPV 16/18 result can be intercepted by an age-exit branch and investigation delayed.","YES","YES","YES","NO","Separate invitation/exit eligibility from management of an obtained abnormal result; add exact-date exit-test/history rules and precedence tests."
"AUD-004","HIGH","CONFIRMED","Figure 6","2023 v1.1 p56/PDF58; Figure 6; R8.04-R8.08","F6-FIRST-NEGATIVE-REPEAT-12M","active Test of Cure; HPV NOT_DETECTED; cytology NEGATIVE; treatment date absent","INSUFFICIENT_INFORMATION before any terminal Test-of-Cure disposition","F6-FIRST-NEGATIVE-REPEAT-12M with treatmentDate only listed as missingInformation","FIGURE_6 > FIRST_NEGATIVE_COTEST > REPEAT_12M","lib/engine/decision-engine.ts:733-798","The treatment anchor is non-blocking, so interval and completion state cannot be verified.","YES","YES","YES","NO","Require a persisted treatment event/date and verified prior co-test sequence before emitting any ToC disposition."
"AUD-005","HIGH","CONFIRMED","Figure 10","2023 v1.1 p83/PDF85; Figure 10; R15.01-R15.06","F10-CANCER-SIGNS-URGENT-GYNAECOLOGY","batch record says abnormal bleeding only","Preserve histories, examinations, co-test, treatment and resolution facts as missing","Mapper sets menstrual/contraceptive/sexual histories, speculum exam, pelvic exam and co-test to true","batch map > FIGURE_10 with six invented completed facts","lib/batch/processor.ts:80-103","Fabricated work-up facts conceal missing assessment and can alter or prematurely advance the symptomatic pathway.","YES","YES","YES","NO","Delete inferred completion flags; accept and validate each source fact independently with provenance."
"AUD-006","CRITICAL","CONFIRMED","Figure 3","2023 v1.1 pp21-24/PDF23-26; R3.02-R3.04 and Figure 3","F3-INVALID-HPV-REPEAT-ASAP plus high-grade cytology routing","HPV invalid/INADEQUATE; LBC; cytology HSIL","Report the cellular abnormality and refer to colposcopy; repeat HPV as appropriate must not suppress HSIL","F3-INAD-3M; no referral","FIGURE_3 > F3-INAD-3M","lib/engine/decision-engine.ts:375-388 before 408-505","A high-grade cytology result is discarded by the invalid-HPV branch, potentially delaying colposcopy.","YES","YES","YES","YES","Represent lab validity separately from genotype and give reportable high-grade cytology precedence over the HPV-repeat-only branch."
"AUD-007","HIGH","CONFIRMED","Figure 3","2023 v1.1 pp21-24/PDF23-26; R3.04-R3.06","F3-INVALID-HPV-REPEAT-ASAP / F3-UNSUITABLE-HPV-REPEAT-ASAP","HPV invalid or unsuitable","Distinct validity reason retained; repeat as soon as practicable without a mandatory delay","Both collapse to INADEQUATE and fixed F3-INAD-3M","FIGURE_3 > F3-INAD-3M","lib/engine/types.ts HPVResult; lib/engine/decision-engine.ts:375-388","The product cannot reproduce the source distinctions and imposes an unsupported fixed three-month delay.","YES","YES","YES","YES","Add INVALID and UNSUITABLE result states, retain lab provenance, and encode ASAP/no-mandatory-delay timing."
"AUD-008","HIGH","CONFIRMED","Figure 3 / Figure 4","2026 immune-deficiency guidance v1.0.1 pp1-3","F3-BASELINE-LBC-HPV-NOT-DETECTED-IMMUNE-3Y","condition/medicine requires definitive or case-by-case immune classification","Apply current named classification; case-by-case categories require clinician judgement; otherwise choose three- or five-year interval","Single Boolean immunocompromised; missing defaults false; no condition/medicine classification or provenance","Boolean > F3-HPV-NOT-DETECTED-IC-3Y or F3-HPV-NOT-DETECTED-5Y","lib/engine/types.ts:141; prisma/schema.prisma:695-706; lib/batch/validation.ts:111-114","Current 2026 classification cannot be safely operationalised or audited, including the explicitly clinician-led categories.","YES","YES","YES","YES","Create a versioned classification object with condition/medication, dose/duration, evidence, review state, and current source version."
"AUD-009","HIGH","CONFIRMED","Figure 4","2026 addendum v1.0 pp1-2; updated R6.05","F4-TYPE3-LOW-GRADE-NORMAL-COLPOSCOPY-NO-MDM","Type 3 TZ; HPV positive; low-grade cytology; normal colposcopy","Do not require MDM cytology review in the updated scenario","No explicit 2026-version branch; legacy rule version and review semantics remain","FIGURE_4 > legacy business-figures-table1-v1","lib/engine/decision-engine.ts:508-629; rule version at lib/engine/decision-engine.ts:19","The superseded review requirement is not traceably removed and may add unnecessary review/delay.","YES","YES","YES","YES","Implement the current R6.05 branch under a reviewed rule release with exact version and regression tests."
"AUD-010","HIGH","CONFIRMED","Figure 6","2026 addendum v1.0 pp3-4; updated R8.03","F6-CIN2-UNDER30-ELIGIBLE-ACTIVE-SURVEILLANCE","age under 30; TZ1/2; biopsy-confirmed CIN2; CIN3/invasion excluded; MDM-reviewed histology; consent","Six-monthly colposcopy/cytology/visible-lesion biopsy up to 24 months; treat CIN3 or persistent CIN2 at 24 months; regression to ToC","No representable active-surveillance eligibility, consent, elapsed-time, regression or 24-month terminal branches","No matching branch","lib/engine/types.ts:120-203; lib/engine/decision-engine.ts:733-865","The controlling active-surveillance pathway cannot be selected or monitored.","YES","YES","YES","YES","Add clinician-owned CIN2 surveillance episode/state, exact age/date calculations, consent and MDM provenance, then implement all four terminal branches."
"AUD-011","HIGH","CONFIRMED","Figure 6","2026 addendum v1.0 p5; updated R8.06","F6-POSITIVE-MARGINS-UNDER50-COMMUNITY-TOC","treated HSIL; positive excision margins; age 49 versus 50","Under 50 may receive ToC in primary/community care; age 50+ follows specialist pathway","No margin-status/care-setting addendum branch","No matching branch","lib/engine/types.ts:120-203; lib/engine/decision-engine.ts:733-865","The current care-setting update and exact age boundary are not operationalised.","YES","YES","YES","YES","Capture excision-margin status and event-date age; implement reviewed under-50 and 50+ routes."
"AUD-012","HIGH","CONFIRMED","Figure 7","2026 addendum v1.0 p6; updated R9.14","F7-AIS-CLEAR-MARGINS-PRIMARY-CARE-6-18M","HPV-detected AIS; excised; margins clear","Primary/community co-tests at 6 and 18 months","No explicit updated R9.14 route; current engine version remains business-figures-table1-v1","No matching branch","lib/engine/decision-engine.ts:868-1029","Participants may be sent to the wrong follow-up setting or interval under superseded guidance.","YES","YES","YES","YES","Capture AIS excision/margins and implement current 6/18-month primary/community follow-up with source provenance."
"AUD-013","CRITICAL","CONFIRMED","Figure 8 / Table 1","2026 addendum v1.0 pp7-9; gynaecological-cancer update","F8-CANCER-STAGE1A1-LOCAL-EXCISION-TOC-COMPLETE-REGULAR and five related branches","stage 1a1/local excision/ToC, total hysterectomy/ToC, other gynaecological cancer, or incomplete ToC before non-cervical-cancer hysterectomy","Apply six distinct updated routes, including clinician-only follow-up outside NCSP","Cancer stage/history and updated branches are absent; generic hysterectomy evaluator is used","FIGURE_8/TABLE_1 > generic legacy evaluator","lib/engine/decision-engine.ts:1032-1296 and 1633-1635; lib/engine/types.ts:133-139","The six controlling cancer-history branches cannot be represented; screening cessation or follow-up can therefore be wrong.","YES","YES","YES","YES","Add versioned cancer history/stage/treatment/ToC facts and implement each addendum branch with clinician-only handling outside NCSP."
"AUD-014","HIGH","CONFIRMED","Figure 10","2023 v1.1 pp82-83/PDF84-85; R15.02, R15.05, R15.06","F10-RECURRENT-PERSISTENT-PCB-GYNAECOLOGY / F10-PERSISTENT-UNEXPLAINED-IMB-GYNAECOLOGY / F10-POSTMENOPAUSAL-BLEEDING-EXAM-COTEST-GYNAECOLOGY","single versus recurrent/persistent PCB; persistent IMB; any PMB","Apply distinct no-colposcopy, gynaecology, or urgent assessment routes regardless of negative tests where stated","Episode count/persistence/menopausal status and co-test combination are not represented; batch fabricates work-up","Generic Figure 10 stage branches","lib/engine/types.ts:166-184; lib/batch/processor.ts:80-103; lib/engine/decision-engine.ts:1453-1630","Important symptomatic branches are unsupported, including a critical postmenopausal-bleeding referral route.","YES","YES","YES","YES","Model bleeding type, episode chronology/persistence and menopausal status; retain true examination/co-test facts and implement R15.02/R15.05/R15.06 separately."
"AUD-015","HIGH","CONFIRMED","Cross-cutting specialist pathways","2023 Figures 5, 7 and 9; associated R6/R9/R11 recommendations","clinician-only source branches","MDM, biopsy/histology interpretation, invasion assessment or specialist treatment choice","Explicit CLINICIAN_REVIEW_REQUIRED safe stop until an authorised specialist decision is documented","Several deterministic terminal outputs have validationStatus IMPLEMENTED and no safetyOutcome","Specialist evaluator > terminal implemented code","lib/engine/decision-engine.ts:632-730, 868-1029, 1299-1450; app/api/pathway/sessions/[id]/complete/route.ts:152-159","A clinician-led decision can be finalised as though autonomously determined.","YES","YES","YES","YES","Make clinician-only a first-class non-final state; require identified reviewer, evidence, timestamp and reason before completion/bulk acceptance."
"AUD-016","HIGH","CONFIRMED","Cross-cutting special population","2023 guideline special-population recommendation text; no deterministic DES route in supplied figures","DES-EXPOSURE-SPECIALIST-REVIEW","known or unknown in-utero DES exposure","Capture exposure and route to source-supported specialist review rather than ordinary screening default","Field absent from engine type, Prisma schema, API, batch and UI","No branch","lib/engine/types.ts; prisma/schema.prisma; lib/batch/types.ts; pathway completion API","DES-related history cannot be captured or safely routed.","YES","YES","YES","YES","Add tri-state DES exposure with provenance across schema/API/batch/UI and a clinician-review route validated by governance."
"AUD-017","HIGH","CONFIRMED","Cross-cutting longitudinal ToC","2023 Figure 6 p56/PDF58; R8.04-R8.08","F6-SECOND-NEGATIVE-RETURN-REGULAR","SECOND_TEST marker; zero verified prior negative co-tests; current co-test negative","Do not complete until two qualifying negative co-tests and their dates are proven","F6-SECOND-NEGATIVE-RETURN-REGULAR","FIGURE_6 > SECOND_TEST > return to screening","lib/engine/decision-engine.ts:776-783; app/api/pathway/sessions/[id]/complete/route.ts:99-125; prisma/schema.prisma:713-744","A declared stage can substitute for longitudinal evidence and incorrectly complete Test of Cure.","YES","YES","YES","YES","Derive stage only from immutable persisted test events; reject contradictory counters/markers; include treatment anchor and reset rules."
"AUD-018","CRITICAL","CONFIRMED","Cross-cutting exit screening","2023 guideline exit-test/history recommendations and Figure 3 context","AGE-75-EXIT-ONLY-AFTER-QUALIFYING-HISTORY","age 75; no proven qualifying negative exit test/history","Require evidence of exit criteria; otherwise clinician review/appropriate screening pathway","AGE-75-DISCHARGE unconditionally","FIGURE_3 > AGE-75-DISCHARGE","lib/engine/decision-engine.ts:1665-1674","Age alone can terminate screening without the required negative exit-test/history evidence.","YES","YES","YES","YES","Replace unconditional age discharge with exact-date, test-history and eligibility rules; never apply it to abnormal obtained results or symptoms."
"AUD-019","HIGH","CONFIRMED","Cross-cutting workflow","National clinical pathway versus unsupplied local operational rules","ENGINE-REFERRAL-PRIORITIES","any national referral branch","Return national destination/timeframe; local P1/P2 only under a separately governed local release","P1/P2 priorities are embedded throughout the clinical engine without a supplied local source","Figure evaluator > referralPriority P1/P2","lib/engine/decision-engine.ts:280-1549","National guidance and local booking policy cannot be independently governed, traced or updated.","YES","YES","YES","YES","Remove local priority from the national oracle layer; apply it only in a separate approved, versioned local ruleset."
"AUD-020","HIGH","CONFIRMED","Review and persistence workflow","All source pathways; reviewer confirmation requirement","WORKFLOW-DECISION-CONSISTENCY","same clinical case shown in batch/review and later regraded","One immutable source-derived clinical decision plus separately labelled governed operational triage","Clinical figure output and editable CaseRuleSet triage are produced by separate evaluators and can diverge; regrade updates triage only","evaluateClinicalDecision snapshot plus evaluateCaseRuleRelease grade","lib/batch/processor.ts:152; lib/batch/persistence.ts:142-177, 334-352; lib/batch/rule-facts.ts:108-118; app/(app)/review/page.tsx:74-120","Reviewers can see two independently derived outcomes whose consistency is not enforced; later triage regrading does not re-evaluate clinical parity.","YES","YES","YES","YES","Define ownership and precedence, display both as distinct layers, add divergence checks, and prohibit acceptance when the national decision is unsafe or stale."
