caseId,figureOrTable,page,recommendationNumbers,expectedActionClass,productionExecutable,productionActionClass,productionCode,productionRisk,productionSafetyOutcome,currentLegacyExecutable,currentLegacyActionClass,currentLegacyCode,canonicalActionClasses,canonicalRecommendation,canonicalTiming,canonicalDestination,canonicalReviewerRequirement,canonicalClinicianOnly,canonicalMatchedRule,productionMatchesSource,currentLegacyMatchesSource,canonicalMatchesSource,classification,flags
F1-NEVER-SCREENED-INVITE-NOW,Figure 1,18,R2.01 | R2.02 | R2.03 | R2.06 | R2.07,INVITE_NOW,true,INVITE_NOW,F1-INVITE-NOW,MEDIUM,,true,INVITE_NOW,F1-INVITE-NOW,INVITE_NOW | ROUTE_FIGURE_3,"Invite now, then perform primary HPV screening via Figure 3",Now / next available screening,Primary/community care or programme follow-up,CLINICIAN_REVIEW,true,F1-01,true,true,true,THREE_WAY_EXACT_AGREEMENT,GOV04_CLINICIAN_ONLY_OVERRESTRICTION_SECONDARY
F1-UNDER-SCREENED-INVITE-NOW,Figure 1,18,R2.01 | R2.02 | R2.03 | R2.06 | R2.07,INVITE_NOW,true,INVITE_NOW,F1-INVITE-NOW,MEDIUM,,true,INVITE_NOW,F1-INVITE-NOW,INVITE_NOW | ROUTE_FIGURE_3,"Invite now, then Figure 3",Now,Primary/community care or programme follow-up,CLINICIAN_REVIEW,true,F1-02,true,true,true,THREE_WAY_EXACT_AGREEMENT,GOV04_CLINICIAN_ONLY_OVERRESTRICTION_SECONDARY
F1-OVERDUE-INVITE-NOW,Figure 1,18,R2.01 | R2.02 | R2.03 | R2.06 | R2.07,INVITE_NOW,true,INVITE_NOW,F1-INVITE-NOW,MEDIUM,,true,INVITE_NOW,F1-INVITE-NOW,INVITE_NOW | ROUTE_FIGURE_3,"Invite now, then Figure 3",Now,Primary/community care or programme follow-up,CLINICIAN_REVIEW,true,F1-03,true,true,true,THREE_WAY_EXACT_AGREEMENT,GOV04_CLINICIAN_ONLY_OVERRESTRICTION_SECONDARY
F1-REGULAR-NORMAL-NEXT-SCHEDULED,Figure 1,18,R2.01 | R2.02 | R2.03 | R2.06 | R2.07,INVITE_NEXT_SCHEDULED,true,INVITE_NEXT_SCHEDULED,F1-INVITE-NEXT-SCHEDULED,LOW,,true,INVITE_NEXT_SCHEDULED,F1-INVITE-NEXT-SCHEDULED,INVITE_NEXT_SCHEDULED | ROUTE_FIGURE_3,"Invite at next scheduled visit, then Figure 3",Next scheduled visit,Primary/community care or programme follow-up,CLINICIAN_REVIEW,true,F1-04,true,true,true,THREE_WAY_EXACT_AGREEMENT,GOV04_CLINICIAN_ONLY_OVERRESTRICTION_SECONDARY
F1-LOW-GRADE-RESOLVED-NEXT-SCHEDULED,Figure 1,18,R2.01 | R2.02 | R2.03 | R2.06 | R2.07,INVITE_NEXT_SCHEDULED,true,INVITE_NEXT_SCHEDULED,F1-INVITE-NEXT-SCHEDULED,LOW,,true,INVITE_NEXT_SCHEDULED,F1-INVITE-NEXT-SCHEDULED,INVITE_NEXT_SCHEDULED | ROUTE_FIGURE_3,"Invite at next scheduled visit, then Figure 3",Next scheduled visit,Primary/community care or programme follow-up,CLINICIAN_REVIEW,true,F1-05,true,true,true,THREE_WAY_EXACT_AGREEMENT,GOV04_CLINICIAN_ONLY_OVERRESTRICTION_SECONDARY
F1-HIGH-GRADE-TOC-COMPLETE-NEXT-SCHEDULED,Figure 1,18,R2.01 | R2.02 | R2.03 | R2.06 | R2.07,INVITE_NEXT_SCHEDULED,true,INVITE_NEXT_SCHEDULED,F1-INVITE-NEXT-SCHEDULED,LOW,,true,INVITE_NEXT_SCHEDULED,F1-INVITE-NEXT-SCHEDULED,INVITE_NEXT_SCHEDULED | ROUTE_FIGURE_3,"Invite at next scheduled visit, then Figure 3",Next scheduled visit,Primary/community care or programme follow-up,CLINICIAN_REVIEW,true,F1-06,true,true,true,THREE_WAY_EXACT_AGREEMENT,GOV04_CLINICIAN_ONLY_OVERRESTRICTION_SECONDARY
F2-HIGH-GRADE-OUTSTANDING-COLPOSCOPY,Figure 2,19,R2.03 | R2.04 | R2.05 | R2.06 | R2.07 | R2.08,COLPOSCOPY,true,COLPOSCOPY,F2-PRIOR-HG-COLP,HIGH,,true,COLPOSCOPY,F2-PRIOR-HG-COLP,COLPOSCOPY | ROUTE_FIGURE_3 | ROUTINE_RECALL | TEST_OF_CURE | CONTINUE_TOC,"If colposcopy was recommended and not done, refer to colposcopy; otherwise complete Test of Cure. After successful resolution, proceed to regular screening/Figure 3",Colposcopy or ongoing annual co-testing,Colposcopy service,CLINICIAN_REVIEW,true,F2-01,true,true,true,THREE_WAY_EXACT_AGREEMENT,GOV04_CLINICIAN_ONLY_OVERRESTRICTION_SECONDARY
F2-HIGH-GRADE-INCOMPLETE-TOC,Figure 2,19,R2.03 | R2.04 | R2.05 | R2.06 | R2.07 | R2.08,TEST_OF_CURE,true,TEST_OF_CURE,F2-PRIOR-HG-COMPLETE-TOC,HIGH,,true,TEST_OF_CURE,F2-PRIOR-HG-COMPLETE-TOC,COLPOSCOPY | ROUTE_FIGURE_3 | ROUTINE_RECALL | TEST_OF_CURE | CONTINUE_TOC,"If colposcopy was recommended and not done, refer to colposcopy; otherwise complete Test of Cure. After successful resolution, proceed to regular screening/Figure 3",Colposcopy or ongoing annual co-testing,Colposcopy service,CLINICIAN_REVIEW,true,F2-01,true,true,true,THREE_WAY_EXACT_AGREEMENT,GOV04_CLINICIAN_ONLY_OVERRESTRICTION_SECONDARY
F2-HIGH-GRADE-TOC-COMPLETE-F3,Figure 2,19,R2.03 | R2.04 | R2.05 | R2.06 | R2.07 | R2.08,ROUTE_FIGURE_3,true,ROUTE_FIGURE_3,F2-PRIOR-HG-TOC-COMPLETE-FIG3,LOW,,true,ROUTE_FIGURE_3,F2-PRIOR-HG-TOC-COMPLETE-FIG3,COLPOSCOPY | ROUTE_FIGURE_3 | ROUTINE_RECALL | TEST_OF_CURE | CONTINUE_TOC,"If colposcopy was recommended and not done, refer to colposcopy; otherwise complete Test of Cure. After successful resolution, proceed to regular screening/Figure 3",Colposcopy or ongoing annual co-testing,Colposcopy service,CLINICIAN_REVIEW,true,F2-01,true,true,true,THREE_WAY_EXACT_AGREEMENT,GOV04_CLINICIAN_ONLY_OVERRESTRICTION_SECONDARY
F2-AIS-NO-TOTAL-HYSTERECTOMY-R208,Figure 2,19,R2.03 | R2.04 | R2.05 | R2.06 | R2.07 | R2.08,AIS_FOLLOW_UP,true,UNMAPPED_ACTUAL:F2-AIS-R208-FOLLOWUP,F2-AIS-R208-FOLLOWUP,HIGH,CLINICIAN_REVIEW_REQUIRED,true,UNMAPPED_ACTUAL:F2-AIS-R208-FOLLOWUP,F2-AIS-R208-FOLLOWUP,COLPOSCOPY | ROUTE_FIGURE_3 | AIS_FOLLOW_UP | COMMUNITY_TOC,Follow AIS post-treatment pathway rather than ordinary Figure 3,6 and 18 months when HPV-detected AIS has clear excision margins,Colposcopy or primary/community care according to current R9.14,SPECIALIST_REVIEW,false,F2-02,false,false,true,CANDIDATE_FIXES_CONFIRMED_LEGACY_DEFECT,CONFIRMED_LEGACY_DEFECT_PRESENT_IN_PRODUCTION
F2-ATYPICAL-ENDOMETRIAL-OLDER-3Y-F3,Figure 2,19,R2.03 | R2.04 | R2.05 | R2.06 | R2.07 | R2.08,ROUTE_FIGURE_3,true,ROUTE_FIGURE_3,F2-AG2-OLDER-3Y-FIG3,LOW,,true,ROUTE_FIGURE_3,F2-AG2-OLDER-3Y-FIG3,INVITE_NEXT_SCHEDULED | ROUTE_FIGURE_3,Primary HPV screening test at next scheduled visit via Figure 3,Next scheduled visit,Primary/community care or programme follow-up,CLINICIAN_REVIEW,true,F2-03,true,true,true,THREE_WAY_EXACT_AGREEMENT,GOV04_CLINICIAN_ONLY_OVERRESTRICTION_SECONDARY
F2-ATYPICAL-ENDOMETRIAL-DISCHARGED-F3,Figure 2,19,R2.03 | R2.04 | R2.05 | R2.06 | R2.07 | R2.08,ROUTE_FIGURE_3,true,ROUTE_FIGURE_3,F2-AG2-DISCHARGED-FIG3,LOW,,true,ROUTE_FIGURE_3,F2-AG2-DISCHARGED-FIG3,INVITE_NEXT_SCHEDULED | ROUTE_FIGURE_3,Primary HPV screening test at next scheduled visit via Figure 3,Next scheduled visit,Primary/community care or programme follow-up,CLINICIAN_REVIEW,true,F2-04,true,true,true,THREE_WAY_EXACT_AGREEMENT,GOV04_CLINICIAN_ONLY_OVERRESTRICTION_SECONDARY
F2-ATYPICAL-ENDOMETRIAL-OTHERWISE-GYNAECOLOGY,Figure 2,19,R2.03 | R2.04 | R2.05 | R2.06 | R2.07 | R2.08,GYNAECOLOGY,true,GYNAECOLOGY,F2-AG2-SPECIALIST-GYN,HIGH,,true,GYNAECOLOGY,F2-AG2-SPECIALIST-GYN,GYNAECOLOGY,Refer to specialist gynaecology services,As soon as practicable,Specialist gynaecology,SPECIALIST_REVIEW,true,F2-05,true,true,true,THREE_WAY_EXACT_AGREEMENT,
F3-BASELINE-SWAB-HPV-NOT-DETECTED-5Y,Figure 3,24,R4.01,ROUTINE_RECALL,true,ROUTINE_RECALL,F3-HPV-NOT-DETECTED-5Y,LOW,,true,ROUTINE_RECALL,F3-HPV-NOT-DETECTED-5Y,ROUTINE_RECALL,Return for screening in 5 years,5 years,Primary/community care or programme follow-up,CLINICIAN_REVIEW,true,F3-01,true,true,true,THREE_WAY_EXACT_AGREEMENT,GOV04_CLINICIAN_ONLY_OVERRESTRICTION_SECONDARY
F3-BASELINE-SWAB-HPV-NOT-DETECTED-IMMUNE-3Y,Figure 3,24,R4.01,ROUTINE_RECALL,true,ROUTINE_RECALL,F3-HPV-NOT-DETECTED-IC-3Y,LOW,,true,ROUTINE_RECALL,F3-HPV-NOT-DETECTED-IC-3Y,ROUTINE_RECALL,Return for screening in 3 years,3 years,Primary/community care or programme follow-up,CLINICIAN_REVIEW,true,F3-02,true,true,true,THREE_WAY_EXACT_AGREEMENT,GOV04_CLINICIAN_ONLY_OVERRESTRICTION_SECONDARY
F3-BASELINE-LBC-HPV-NOT-DETECTED-5Y,Figure 3,24,R4.01,ROUTINE_RECALL,true,ROUTINE_RECALL,F3-HPV-NOT-DETECTED-5Y,LOW,,true,ROUTINE_RECALL,F3-HPV-NOT-DETECTED-5Y,ROUTINE_RECALL,Return for screening in 5 years,5 years,Primary/community care or programme follow-up,CLINICIAN_REVIEW,true,F3-01,true,true,true,THREE_WAY_EXACT_AGREEMENT,GOV04_CLINICIAN_ONLY_OVERRESTRICTION_SECONDARY
F3-BASELINE-LBC-HPV-NOT-DETECTED-IMMUNE-3Y,Figure 3,24,R4.01,ROUTINE_RECALL,true,ROUTINE_RECALL,F3-HPV-NOT-DETECTED-IC-3Y,LOW,,true,ROUTINE_RECALL,F3-HPV-NOT-DETECTED-IC-3Y,ROUTINE_RECALL,Return for screening in 3 years,3 years,Primary/community care or programme follow-up,CLINICIAN_REVIEW,true,F3-02,true,true,true,THREE_WAY_EXACT_AGREEMENT,GOV04_CLINICIAN_ONLY_OVERRESTRICTION_SECONDARY
F3-FIRST-REPEAT-HPV-NOT-DETECTED-5Y,Figure 3,24,R4.01-R4.03,ROUTINE_RECALL,true,ROUTINE_RECALL,F3-HPV-NOT-DETECTED-5Y,LOW,,true,ROUTINE_RECALL,F3-HPV-NOT-DETECTED-5Y,ROUTINE_RECALL,Return to regular interval screening,5 years or 3 years if immune deficient,Primary/community care or programme follow-up,CLINICIAN_REVIEW,true,F3-08,true,true,true,THREE_WAY_EXACT_AGREEMENT,GOV04_CLINICIAN_ONLY_OVERRESTRICTION_SECONDARY
F3-SECOND-REPEAT-HPV-NOT-DETECTED-5Y,Figure 3,24,R4.01-R4.03,ROUTINE_RECALL,true,ROUTINE_RECALL,F3-HPV-NOT-DETECTED-5Y,LOW,,true,ROUTINE_RECALL,F3-HPV-NOT-DETECTED-5Y,ROUTINE_RECALL,Return to regular interval screening,5 years or 3 years if immune deficient,Primary/community care or programme follow-up,CLINICIAN_REVIEW,true,F3-13,true,true,true,THREE_WAY_EXACT_AGREEMENT,GOV04_CLINICIAN_ONLY_OVERRESTRICTION_SECONDARY
F3-FIRST-REPEAT-HPV-NOT-DETECTED-IMMUNE-3Y,Figure 3,24,R4.01-R4.03,ROUTINE_RECALL,true,ROUTINE_RECALL,F3-HPV-NOT-DETECTED-IC-3Y,LOW,,true,ROUTINE_RECALL,F3-HPV-NOT-DETECTED-IC-3Y,ROUTINE_RECALL,Return to regular interval screening,5 years or 3 years if immune deficient,Primary/community care or programme follow-up,CLINICIAN_REVIEW,true,F3-08,true,true,true,THREE_WAY_EXACT_AGREEMENT,GOV04_CLINICIAN_ONLY_OVERRESTRICTION_SECONDARY
F3-SECOND-REPEAT-HPV-NOT-DETECTED-IMMUNE-3Y,Figure 3,24,R4.01-R4.03,ROUTINE_RECALL,true,ROUTINE_RECALL,F3-HPV-NOT-DETECTED-IC-3Y,LOW,,true,ROUTINE_RECALL,F3-HPV-NOT-DETECTED-IC-3Y,ROUTINE_RECALL,Return to regular interval screening,5 years or 3 years if immune deficient,Primary/community care or programme follow-up,CLINICIAN_REVIEW,true,F3-13,true,true,true,THREE_WAY_EXACT_AGREEMENT,GOV04_CLINICIAN_ONLY_OVERRESTRICTION_SECONDARY
F3-HPV16-18-SWAB-COLPOSCOPY,Figure 3,24,R4.07-R4.12,COLPOSCOPY,true,COLPOSCOPY,F3-1618-COLP,HIGH,,true,COLPOSCOPY,F3-1618-COLP,COLPOSCOPY,"Refer directly to colposcopy. If swab sample, obtain LBC/cytology at colposcopy",20 or 30 working days according to risk/history; urgent if invasive cytology,Colposcopy service,CLINICIAN_REVIEW,true,F3-03,true,true,true,THREE_WAY_EXACT_AGREEMENT,GOV04_CLINICIAN_ONLY_OVERRESTRICTION_SECONDARY
F3-HPV16-18-LBC-COLPOSCOPY,Figure 3,24,R4.07-R4.12,COLPOSCOPY,true,COLPOSCOPY,F3-1618-COLP,HIGH,,true,COLPOSCOPY,F3-1618-COLP,COLPOSCOPY,"Refer directly to colposcopy. If swab sample, obtain LBC/cytology at colposcopy",20 or 30 working days according to risk/history; urgent if invasive cytology,Colposcopy service,CLINICIAN_REVIEW,true,F3-03,true,true,true,THREE_WAY_EXACT_AGREEMENT,GOV04_CLINICIAN_ONLY_OVERRESTRICTION_SECONDARY
F3-HPV-OTHER-SWAB-RETURN-FOR-LBC,Figure 3,24,R4.02-R4.04,RETURN_FOR_LBC,true,RETURN_FOR_LBC,F3-SWAB-RETURN-REQUIRED,MEDIUM,,true,RETURN_FOR_LBC,F3-SWAB-RETURN-REQUIRED,RETURN_FOR_LBC,Return visit for clinical examination and clinician-taken LBC for cytology,As soon as practicable for triage,Reviewer-confirmed pathway,CLINICIAN_REVIEW,false,F3-04,true,true,true,THREE_WAY_EXACT_AGREEMENT,
F3-BASELINE-HPV-OTHER-NEGATIVE-REPEAT-12M,Figure 3,24,R4.04-R4.06,REPEAT_HPV,true,UNMAPPED_ACTUAL:F3-HPV-OTHER-NEG-ASCUS-LSIL-12M,F3-HPV-OTHER-NEG-ASCUS-LSIL-12M,MEDIUM,,true,UNMAPPED_ACTUAL:F3-HPV-OTHER-NEG-ASCUS-LSIL-12M,F3-HPV-OTHER-NEG-ASCUS-LSIL-12M,REPEAT_HPV,"Repeat HPV test in 12 months, using LBC",12 months,Primary/community care or programme follow-up,CLINICIAN_REVIEW,true,F3-07,false,false,true,CANDIDATE_FIXES_CONFIRMED_LEGACY_DEFECT,CONFIRMED_LEGACY_DEFECT_PRESENT_IN_PRODUCTION | GOV04_CLINICIAN_ONLY_OVERRESTRICTION_SECONDARY
F3-BASELINE-HPV-OTHER-ASC-US-REPEAT-12M,Figure 3,24,R4.04-R4.06,REPEAT_HPV,true,UNMAPPED_ACTUAL:F3-HPV-OTHER-NEG-ASCUS-LSIL-12M,F3-HPV-OTHER-NEG-ASCUS-LSIL-12M,MEDIUM,,true,UNMAPPED_ACTUAL:F3-HPV-OTHER-NEG-ASCUS-LSIL-12M,F3-HPV-OTHER-NEG-ASCUS-LSIL-12M,REPEAT_HPV,"Repeat HPV test in 12 months, using LBC",12 months,Primary/community care or programme follow-up,CLINICIAN_REVIEW,true,F3-07,false,false,true,CANDIDATE_FIXES_CONFIRMED_LEGACY_DEFECT,CONFIRMED_LEGACY_DEFECT_PRESENT_IN_PRODUCTION | GOV04_CLINICIAN_ONLY_OVERRESTRICTION_SECONDARY
F3-BASELINE-HPV-OTHER-LSIL-REPEAT-12M,Figure 3,24,R4.04-R4.06,REPEAT_HPV,true,UNMAPPED_ACTUAL:F3-HPV-OTHER-NEG-ASCUS-LSIL-12M,F3-HPV-OTHER-NEG-ASCUS-LSIL-12M,MEDIUM,,true,UNMAPPED_ACTUAL:F3-HPV-OTHER-NEG-ASCUS-LSIL-12M,F3-HPV-OTHER-NEG-ASCUS-LSIL-12M,REPEAT_HPV,"Repeat HPV test in 12 months, using LBC",12 months,Primary/community care or programme follow-up,CLINICIAN_REVIEW,true,F3-07,false,false,true,CANDIDATE_FIXES_CONFIRMED_LEGACY_DEFECT,CONFIRMED_LEGACY_DEFECT_PRESENT_IN_PRODUCTION | GOV04_CLINICIAN_ONLY_OVERRESTRICTION_SECONDARY
F3-BASELINE-HPV-OTHER-ASC-H-COLPOSCOPY,Figure 3,24,R4.05 | R4.08-R4.12,COLPOSCOPY,true,COLPOSCOPY,F3-HPV-OTHER-HIGH-GRADE-COLP,HIGH,,true,COLPOSCOPY,F3-HPV-OTHER-HIGH-GRADE-COLP,COLPOSCOPY,Refer to colposcopy.,According to the colposcopy referral risk category,Colposcopy service,CLINICIAN_REVIEW,false,F3-05,true,true,true,THREE_WAY_EXACT_AGREEMENT,
F3-BASELINE-HPV-OTHER-HSIL-COLPOSCOPY,Figure 3,24,R4.05 | R4.08-R4.12,COLPOSCOPY,true,COLPOSCOPY,F3-HPV-OTHER-HIGH-GRADE-COLP,HIGH,,true,COLPOSCOPY,F3-HPV-OTHER-HIGH-GRADE-COLP,COLPOSCOPY,Refer to colposcopy.,According to the colposcopy referral risk category,Colposcopy service,CLINICIAN_REVIEW,false,F3-05,true,true,true,THREE_WAY_EXACT_AGREEMENT,
F3-BASELINE-HPV-OTHER-SCC-COLPOSCOPY,Figure 3,24,R4.05 | R4.08-R4.12,COLPOSCOPY,true,COLPOSCOPY,F3-HPV-OTHER-HIGH-GRADE-COLP,HIGH,,true,COLPOSCOPY,F3-HPV-OTHER-HIGH-GRADE-COLP,COLPOSCOPY,Urgent colposcopic assessment within two weeks. This overrides ordinary HPV Other repeat logic.,Urgent; within 2 weeks,Urgent colposcopy,SPECIALIST_REVIEW,false,F3-20,true,true,true,THREE_WAY_EXACT_AGREEMENT,
F3-BASELINE-HPV-OTHER-ATYPICAL-GLANDULAR-COLPOSCOPY,Figure 3,24,R4.05 | R4.08-R4.12,GLANDULAR_SPECIALIST_ROUTE,true,COLPOSCOPY,F3-HPV-OTHER-HIGH-GRADE-COLP,HIGH,,true,COLPOSCOPY,F3-HPV-OTHER-HIGH-GRADE-COLP,URGENT_GYNAECOLOGY | GYNAECOLOGY | COLPOSCOPY,Refer to colposcopy or the applicable glandular specialist pathway.,Urgent where invasive glandular disease is suspected or definite,Colposcopy or specialist gynaecology,SPECIALIST_REVIEW,true,F3-05,true,true,true,THREE_WAY_EXACT_AGREEMENT,
F3-BASELINE-HPV-OTHER-AIS-COLPOSCOPY,Figure 3,24,R4.05 | R4.08-R4.12,COLPOSCOPY,true,COLPOSCOPY,F3-HPV-OTHER-HIGH-GRADE-COLP,HIGH,,true,COLPOSCOPY,F3-HPV-OTHER-HIGH-GRADE-COLP,COLPOSCOPY,Refer to colposcopy under the AIS pathway.,Referral,Colposcopy service,CLINICIAN_REVIEW,false,F3-05,true,true,true,THREE_WAY_EXACT_AGREEMENT,
F3-BASELINE-HPV-OTHER-ADENOCARCINOMA-COLPOSCOPY,Figure 3,24,R4.05 | R4.08-R4.12,GLANDULAR_SPECIALIST_ROUTE,true,COLPOSCOPY,F3-HPV-OTHER-HIGH-GRADE-COLP,HIGH,,true,COLPOSCOPY,F3-HPV-OTHER-HIGH-GRADE-COLP,URGENT_GYNAECOLOGY | GYNAECOLOGY | COLPOSCOPY,Refer to colposcopy or the applicable glandular specialist pathway.,Urgent where invasive glandular disease is suspected or definite,Colposcopy or specialist gynaecology,SPECIALIST_REVIEW,true,F3-05,true,true,true,THREE_WAY_EXACT_AGREEMENT,
F3-FIRST-REPEAT-HPV-OTHER-NEGATIVE-UNDER50-SECOND-REPEAT,Figure 3,24,R4.04-R4.06,SECOND_REPEAT_HPV,true,SECOND_REPEAT_HPV,F3-FIRST-REPEAT-UNDER50-SECOND-REPEAT,MEDIUM,,true,SECOND_REPEAT_HPV,F3-FIRST-REPEAT-UNDER50-SECOND-REPEAT,REPEAT_HPV | SECOND_REPEAT_HPV,"Second repeat HPV test in another 12 months, using LBC",12 months later,Primary/community care or programme follow-up,CLINICIAN_REVIEW,true,F3-12,true,true,true,THREE_WAY_EXACT_AGREEMENT,GOV04_CLINICIAN_ONLY_OVERRESTRICTION_SECONDARY
F3-FIRST-REPEAT-HPV-OTHER-NEGATIVE-AGE50PLUS-COLPOSCOPY,Figure 3,24,R4.04-R4.06,COLPOSCOPY,true,COLPOSCOPY,F3-FIRST-REPEAT-AGE50-COLP,HIGH,,true,COLPOSCOPY,F3-FIRST-REPEAT-AGE50-COLP,COLPOSCOPY,Refer to colposcopy,After second test event,Colposcopy service,CLINICIAN_REVIEW,true,F3-11,true,true,true,THREE_WAY_EXACT_AGREEMENT,GOV04_CLINICIAN_ONLY_OVERRESTRICTION_SECONDARY
F3-FIRST-REPEAT-HPV-OTHER-ASC-US-UNDER50-SECOND-REPEAT,Figure 3,24,R4.04-R4.06,SECOND_REPEAT_HPV,true,SECOND_REPEAT_HPV,F3-FIRST-REPEAT-UNDER50-SECOND-REPEAT,MEDIUM,,true,SECOND_REPEAT_HPV,F3-FIRST-REPEAT-UNDER50-SECOND-REPEAT,REPEAT_HPV | SECOND_REPEAT_HPV,"Second repeat HPV test in another 12 months, using LBC",12 months later,Primary/community care or programme follow-up,CLINICIAN_REVIEW,true,F3-12,true,true,true,THREE_WAY_EXACT_AGREEMENT,GOV04_CLINICIAN_ONLY_OVERRESTRICTION_SECONDARY
F3-FIRST-REPEAT-HPV-OTHER-ASC-US-AGE50PLUS-COLPOSCOPY,Figure 3,24,R4.04-R4.06,COLPOSCOPY,true,COLPOSCOPY,F3-FIRST-REPEAT-AGE50-COLP,HIGH,,true,COLPOSCOPY,F3-FIRST-REPEAT-AGE50-COLP,COLPOSCOPY,Refer to colposcopy,After second test event,Colposcopy service,CLINICIAN_REVIEW,true,F3-11,true,true,true,THREE_WAY_EXACT_AGREEMENT,GOV04_CLINICIAN_ONLY_OVERRESTRICTION_SECONDARY
F3-FIRST-REPEAT-HPV-OTHER-LSIL-UNDER50-SECOND-REPEAT,Figure 3,24,R4.04-R4.06,SECOND_REPEAT_HPV,true,SECOND_REPEAT_HPV,F3-FIRST-REPEAT-UNDER50-SECOND-REPEAT,MEDIUM,,true,SECOND_REPEAT_HPV,F3-FIRST-REPEAT-UNDER50-SECOND-REPEAT,REPEAT_HPV | SECOND_REPEAT_HPV,"Second repeat HPV test in another 12 months, using LBC",12 months later,Primary/community care or programme follow-up,CLINICIAN_REVIEW,true,F3-12,true,true,true,THREE_WAY_EXACT_AGREEMENT,GOV04_CLINICIAN_ONLY_OVERRESTRICTION_SECONDARY
F3-FIRST-REPEAT-HPV-OTHER-LSIL-AGE50PLUS-COLPOSCOPY,Figure 3,24,R4.04-R4.06,COLPOSCOPY,true,COLPOSCOPY,F3-FIRST-REPEAT-AGE50-COLP,HIGH,,true,COLPOSCOPY,F3-FIRST-REPEAT-AGE50-COLP,COLPOSCOPY,Refer to colposcopy,After second test event,Colposcopy service,CLINICIAN_REVIEW,true,F3-11,true,true,true,THREE_WAY_EXACT_AGREEMENT,GOV04_CLINICIAN_ONLY_OVERRESTRICTION_SECONDARY
F3-FIRST-REPEAT-HPV-OTHER-ASC-H-COLPOSCOPY,Figure 3,24,R4.05 | R4.08-R4.12,COLPOSCOPY,true,COLPOSCOPY,F3-HPV-OTHER-HIGH-GRADE-COLP,HIGH,,true,COLPOSCOPY,F3-HPV-OTHER-HIGH-GRADE-COLP,COLPOSCOPY,Refer to colposcopy.,Referral,Colposcopy service,CLINICIAN_REVIEW,false,F3-10,true,true,true,THREE_WAY_EXACT_AGREEMENT,
F3-FIRST-REPEAT-HPV-OTHER-HSIL-COLPOSCOPY,Figure 3,24,R4.05 | R4.08-R4.12,COLPOSCOPY,true,COLPOSCOPY,F3-HPV-OTHER-HIGH-GRADE-COLP,HIGH,,true,COLPOSCOPY,F3-HPV-OTHER-HIGH-GRADE-COLP,COLPOSCOPY,Refer to colposcopy.,Referral,Colposcopy service,CLINICIAN_REVIEW,false,F3-10,true,true,true,THREE_WAY_EXACT_AGREEMENT,
F3-FIRST-REPEAT-HPV-OTHER-SCC-COLPOSCOPY,Figure 3,24,R4.05 | R4.08-R4.12,COLPOSCOPY,true,COLPOSCOPY,F3-HPV-OTHER-HIGH-GRADE-COLP,HIGH,,true,COLPOSCOPY,F3-HPV-OTHER-HIGH-GRADE-COLP,COLPOSCOPY,Urgent colposcopic assessment within two weeks. This overrides ordinary HPV Other repeat logic.,Urgent; within 2 weeks,Urgent colposcopy,SPECIALIST_REVIEW,false,F3-20,true,true,true,THREE_WAY_EXACT_AGREEMENT,
F3-FIRST-REPEAT-HPV-OTHER-ATYPICAL-GLANDULAR-COLPOSCOPY,Figure 3,24,R4.05 | R4.08-R4.12,GLANDULAR_SPECIALIST_ROUTE,true,COLPOSCOPY,F3-HPV-OTHER-HIGH-GRADE-COLP,HIGH,,true,COLPOSCOPY,F3-HPV-OTHER-HIGH-GRADE-COLP,URGENT_GYNAECOLOGY | GYNAECOLOGY | COLPOSCOPY,Refer to colposcopy/specialist pathway.,Urgent where invasive glandular disease is suspected,Colposcopy or specialist gynaecology,SPECIALIST_REVIEW,true,F3-10,true,true,true,THREE_WAY_EXACT_AGREEMENT,
F3-FIRST-REPEAT-HPV-OTHER-AIS-COLPOSCOPY,Figure 3,24,R4.05 | R4.08-R4.12,COLPOSCOPY,true,COLPOSCOPY,F3-HPV-OTHER-HIGH-GRADE-COLP,HIGH,,true,COLPOSCOPY,F3-HPV-OTHER-HIGH-GRADE-COLP,COLPOSCOPY,Refer to colposcopy under the AIS pathway.,Referral,Colposcopy service,CLINICIAN_REVIEW,false,F3-10,true,true,true,THREE_WAY_EXACT_AGREEMENT,
F3-FIRST-REPEAT-HPV-OTHER-ADENOCARCINOMA-COLPOSCOPY,Figure 3,24,R4.05 | R4.08-R4.12,GLANDULAR_SPECIALIST_ROUTE,true,COLPOSCOPY,F3-HPV-OTHER-HIGH-GRADE-COLP,HIGH,,true,COLPOSCOPY,F3-HPV-OTHER-HIGH-GRADE-COLP,URGENT_GYNAECOLOGY | GYNAECOLOGY | COLPOSCOPY,Refer to colposcopy/specialist pathway.,Urgent where invasive glandular disease is suspected,Colposcopy or specialist gynaecology,SPECIALIST_REVIEW,true,F3-10,true,true,true,THREE_WAY_EXACT_AGREEMENT,
F3-SECOND-REPEAT-HPV16-18-COLPOSCOPY,Figure 3,24,R4.04-R4.12,COLPOSCOPY,true,COLPOSCOPY,F3-1618-COLP,HIGH,,true,COLPOSCOPY,F3-1618-COLP,COLPOSCOPY,"Refer directly to colposcopy. If swab sample, obtain LBC/cytology at colposcopy",20 or 30 working days according to risk/history; urgent if invasive cytology,Colposcopy service,CLINICIAN_REVIEW,true,F3-03,true,true,true,THREE_WAY_EXACT_AGREEMENT,GOV04_CLINICIAN_ONLY_OVERRESTRICTION_SECONDARY
F3-SECOND-REPEAT-HPV-OTHER-COLPOSCOPY,Figure 3,24,R4.04-R4.12,COLPOSCOPY,true,COLPOSCOPY,F3-SECOND-REPEAT-HPV-DETECTED-COLP,HIGH,,true,COLPOSCOPY,F3-SECOND-REPEAT-HPV-DETECTED-COLP,COLPOSCOPY,Refer to colposcopy irrespective of cytology,After third test event,Colposcopy service,CLINICIAN_REVIEW,true,F3-14,true,true,true,THREE_WAY_EXACT_AGREEMENT,GOV04_CLINICIAN_ONLY_OVERRESTRICTION_SECONDARY
F3-INVALID-HPV-REPEAT-ASAP,Figure 3,24,R3.04-R3.06,REPEAT_ASAP,true,REPEAT_HPV,F3-INAD-3M,MEDIUM,,true,REPEAT_HPV,F3-INAD-3M,REPEAT_HPV | REPEAT_ASAP,Repeat HPV test as soon as practicable with no required delay,ASAP,Primary/community care or programme follow-up,CLINICIAN_REVIEW,true,F3-18,false,false,true,CANDIDATE_FIXES_CONFIRMED_LEGACY_DEFECT,CONFIRMED_LEGACY_DEFECT_PRESENT_IN_PRODUCTION | GOV04_CLINICIAN_ONLY_OVERRESTRICTION_SECONDARY
F3-UNSUITABLE-HPV-REPEAT-ASAP,Figure 3,24,R3.04-R3.06,REPEAT_ASAP,false,,,,,false,,,REPEAT_HPV | REPEAT_ASAP,Repeat HPV test as soon as practicable with no required delay,ASAP,Primary/community care or programme follow-up,CLINICIAN_REVIEW,true,F3-18,false,false,true,CANDIDATE_ADDS_PREVIOUSLY_UNSUPPORTED_STATE,DEPLOYED_INPUT_CONTRACT_GAP | CURRENT_LEGACY_ALSO_CANNOT_EXPRESS | GOV04_CLINICIAN_ONLY_OVERRESTRICTION_SECONDARY
F3-HPV-OTHER-FIRST-UNSAT-CYTOLOGY-REPEAT,Figure 3,24,R3.04-R3.06,REPEAT_CYTOLOGY,true,UNMAPPED_ACTUAL:F3-UNMAPPED-COMBINATION,F3-UNMAPPED-COMBINATION,HIGH,CLINICIAN_REVIEW_REQUIRED,true,UNMAPPED_ACTUAL:F3-UNMAPPED-COMBINATION,F3-UNMAPPED-COMBINATION,REPEAT_CYTOLOGY,Repeat LBC cytology no sooner than 6 weeks and no later than 3 months.,6 weeks to 3 months,Primary/community care or programme follow-up,CLINICIAN_REVIEW,false,F3-19,false,false,true,CANDIDATE_FIXES_CONFIRMED_LEGACY_DEFECT,CONFIRMED_LEGACY_DEFECT_PRESENT_IN_PRODUCTION
F3-HPV-OTHER-SECOND-UNSAT-CYTOLOGY-COLPOSCOPY,Figure 3,24,R3.04-R3.06,COLPOSCOPY,true,UNMAPPED_ACTUAL:F3-UNMAPPED-COMBINATION,F3-UNMAPPED-COMBINATION,HIGH,CLINICIAN_REVIEW_REQUIRED,true,UNMAPPED_ACTUAL:F3-UNMAPPED-COMBINATION,F3-UNMAPPED-COMBINATION,COLPOSCOPY,Refer to colposcopy after two consecutive unsatisfactory cytology results.,Without avoidable delay,Colposcopy service,MANDATORY_CLINICIAN_CONFIRMATION,false,F3-19,false,false,true,CANDIDATE_FIXES_CONFIRMED_LEGACY_DEFECT,CONFIRMED_LEGACY_DEFECT_PRESENT_IN_PRODUCTION
F3-CYTOLOGY-PENDING-INCOMPLETE,Figure 3,24,R4.01-R4.15,INCOMPLETE_RESULT,true,SAFETY_STOP,F3-HPV-OTHER-CYTOLOGY-REQUIRED,MEDIUM,INSUFFICIENT_INFORMATION,true,SAFETY_STOP,F3-HPV-OTHER-CYTOLOGY-REQUIRED,SAFETY_STOP,Insufficient governed executable rule coverage. Stop automated routing and obtain clinician review.,,,CLINICIAN_REVIEW,true,,false,false,false,REQUIRES_CLINICAL_REVIEW,NO_SYSTEM_MATCHES_SOURCE | GOV04_CLINICIAN_ONLY_OVERRESTRICTION_SECONDARY
F3-MISSING-GENOTYPE-SAFETY-STOP,Figure 3,24,R4.01-R4.15,SAFETY_STOP,true,SAFETY_STOP,F3-HPV-REQUIRED,MEDIUM,INSUFFICIENT_INFORMATION,true,SAFETY_STOP,F3-HPV-REQUIRED,SAFETY_STOP,Insufficient governed executable rule coverage. Stop automated routing and obtain clinician review.,,,CLINICIAN_REVIEW,true,,true,true,true,THREE_WAY_EXACT_AGREEMENT,GOV04_CLINICIAN_ONLY_OVERRESTRICTION_SECONDARY
F3-MISSING-SAMPLE-TYPE-SAFETY-STOP,Figure 3,24,R4.01-R4.15,SAFETY_STOP,true,ROUTINE_RECALL,F3-HPV-NOT-DETECTED-5Y,LOW,,true,ROUTINE_RECALL,F3-HPV-NOT-DETECTED-5Y,SAFETY_STOP,Insufficient governed executable rule coverage. Stop automated routing and obtain clinician review.,,,CLINICIAN_REVIEW,true,,false,false,true,CANDIDATE_FIXES_CONFIRMED_LEGACY_DEFECT,CONFIRMED_LEGACY_DEFECT_PRESENT_IN_PRODUCTION | GOV04_CLINICIAN_ONLY_OVERRESTRICTION_SECONDARY
F3-FIRST-REPEAT-MISSING-AGE-SAFETY-STOP,Figure 3,24,R4.01-R4.15,SAFETY_STOP,true,SAFETY_STOP,F3-FIRST-REPEAT-AGE-REQUIRED,MEDIUM,INSUFFICIENT_INFORMATION,true,SAFETY_STOP,F3-FIRST-REPEAT-AGE-REQUIRED,SAFETY_STOP,Insufficient governed executable rule coverage. Stop automated routing and obtain clinician review.,,,CLINICIAN_REVIEW,true,,true,true,true,THREE_WAY_EXACT_AGREEMENT,GOV04_CLINICIAN_ONLY_OVERRESTRICTION_SECONDARY
F3-HPV-NOT-DETECTED-UNKNOWN-IMMUNE-SAFETY-STOP,Figure 3,24,R4.01-R4.15,SAFETY_STOP,true,ROUTINE_RECALL,F3-HPV-NOT-DETECTED-5Y,LOW,,true,ROUTINE_RECALL,F3-HPV-NOT-DETECTED-5Y,SAFETY_STOP,Insufficient governed executable rule coverage. Stop automated routing and obtain clinician review.,,,CLINICIAN_REVIEW,true,,false,false,true,CANDIDATE_FIXES_CONFIRMED_LEGACY_DEFECT,CONFIRMED_LEGACY_DEFECT_PRESENT_IN_PRODUCTION | GOV04_CLINICIAN_ONLY_OVERRESTRICTION_SECONDARY
F4-NORMAL-COLPOSCOPY-INITIAL-REPEAT-12M,Figure 4,45,R6.03-R6.07,REPEAT_HPV,true,REPEAT_HPV,F4-NORMAL-COLP-REPEAT-HPV-12M,MEDIUM,,true,REPEAT_HPV,F4-NORMAL-COLP-REPEAT-HPV-12M,REPEAT_HPV,Repeat HPV test in community care using LBC,12 months,Primary/community care or programme follow-up,CLINICIAN_REVIEW,true,F4-01,true,true,true,THREE_WAY_EXACT_AGREEMENT,GOV04_CLINICIAN_ONLY_OVERRESTRICTION_SECONDARY
F4-REPEAT-HPV-NOT-DETECTED-REGULAR-5Y,Figure 4,45,R6.03-R6.07,ROUTINE_RECALL,true,REPEAT_HPV,F4-REPEAT-HPV-NOT-DETECTED-REGULAR,LOW,,true,REPEAT_HPV,F4-REPEAT-HPV-NOT-DETECTED-REGULAR,ROUTINE_RECALL,Return to regular interval screening: 5 years if immune competent or 3 years if verified immune deficient.,5 years or 3 years if immune deficient,Primary/community care or programme follow-up,CLINICIAN_REVIEW,true,F4-02,false,false,true,CANDIDATE_FIXES_CONFIRMED_LEGACY_DEFECT,CONFIRMED_LEGACY_DEFECT_PRESENT_IN_PRODUCTION | GOV04_CLINICIAN_ONLY_OVERRESTRICTION_SECONDARY
F4-REPEAT-HPV-NOT-DETECTED-IMMUNE-3Y,Figure 4,45,R6.03-R6.07,ROUTINE_RECALL,true,REPEAT_HPV,F4-REPEAT-HPV-NOT-DETECTED-REGULAR,LOW,,true,REPEAT_HPV,F4-REPEAT-HPV-NOT-DETECTED-REGULAR,ROUTINE_RECALL,Return to regular interval screening: 5 years if immune competent or 3 years if verified immune deficient.,5 years or 3 years if immune deficient,Primary/community care or programme follow-up,CLINICIAN_REVIEW,true,F4-02,false,false,true,CANDIDATE_FIXES_CONFIRMED_LEGACY_DEFECT,CONFIRMED_LEGACY_DEFECT_PRESENT_IN_PRODUCTION | GOV04_CLINICIAN_ONLY_OVERRESTRICTION_SECONDARY
F4-REPEAT-HPV16-18-COLPOSCOPY,Figure 4,45,R6.03-R6.07,COLPOSCOPY,true,COLPOSCOPY,F4-REPEAT-1618-COLP,HIGH,,true,COLPOSCOPY,F4-REPEAT-1618-COLP,COLPOSCOPY,Refer directly to colposcopy,Referral,Colposcopy service,CLINICIAN_REVIEW,true,F4-03,true,true,true,THREE_WAY_EXACT_AGREEMENT,GOV04_CLINICIAN_ONLY_OVERRESTRICTION_SECONDARY
F4-HPV-OTHER-ASC-H-COLPOSCOPY,Figure 4,45,R6.03-R6.07,COLPOSCOPY,true,COLPOSCOPY,F4-HPV-OTHER-HIGH-GRADE-COLP,HIGH,,true,COLPOSCOPY,F4-HPV-OTHER-HIGH-GRADE-COLP,COLPOSCOPY,Refer to colposcopy.,Referral,Colposcopy service,CLINICIAN_REVIEW,false,F4-04,true,true,true,THREE_WAY_EXACT_AGREEMENT,
F4-HPV-OTHER-HSIL-COLPOSCOPY,Figure 4,45,R6.03-R6.07,COLPOSCOPY,true,COLPOSCOPY,F4-HPV-OTHER-HIGH-GRADE-COLP,HIGH,,true,COLPOSCOPY,F4-HPV-OTHER-HIGH-GRADE-COLP,COLPOSCOPY,Refer to colposcopy.,Referral,Colposcopy service,CLINICIAN_REVIEW,false,F4-04,true,true,true,THREE_WAY_EXACT_AGREEMENT,
F4-HPV-OTHER-SCC-COLPOSCOPY,Figure 4,45,R6.03-R6.07,COLPOSCOPY,true,COLPOSCOPY,F4-HPV-OTHER-HIGH-GRADE-COLP,HIGH,,true,COLPOSCOPY,F4-HPV-OTHER-HIGH-GRADE-COLP,COLPOSCOPY,Urgent colposcopic/specialist assessment; do not treat as ordinary ≥ASC-H referral.,Urgent / within 2 weeks where source applies,Urgent colposcopy/specialist assessment,SPECIALIST_REVIEW,false,F4-15,true,true,true,THREE_WAY_EXACT_AGREEMENT,
F4-HPV-OTHER-ATYPICAL-GLANDULAR-COLPOSCOPY,Figure 4,45,R6.03-R6.07,GLANDULAR_SPECIALIST_ROUTE,true,COLPOSCOPY,F4-HPV-OTHER-HIGH-GRADE-COLP,HIGH,,true,COLPOSCOPY,F4-HPV-OTHER-HIGH-GRADE-COLP,GYNAECOLOGY | COLPOSCOPY,Refer to colposcopy or the applicable glandular specialist pathway.,Referral,Colposcopy or specialist gynaecology,SPECIALIST_REVIEW,true,F4-04,true,true,true,THREE_WAY_EXACT_AGREEMENT,
F4-HPV-OTHER-AIS-COLPOSCOPY,Figure 4,45,R6.03-R6.07,COLPOSCOPY,true,COLPOSCOPY,F4-HPV-OTHER-HIGH-GRADE-COLP,HIGH,,true,COLPOSCOPY,F4-HPV-OTHER-HIGH-GRADE-COLP,COLPOSCOPY,Refer to colposcopy under the AIS pathway.,Referral,Colposcopy service,CLINICIAN_REVIEW,false,F4-04,true,true,true,THREE_WAY_EXACT_AGREEMENT,
F4-HPV-OTHER-ADENOCARCINOMA-COLPOSCOPY,Figure 4,45,R6.03-R6.07,GLANDULAR_SPECIALIST_ROUTE,true,COLPOSCOPY,F4-HPV-OTHER-HIGH-GRADE-COLP,HIGH,,true,COLPOSCOPY,F4-HPV-OTHER-HIGH-GRADE-COLP,GYNAECOLOGY | COLPOSCOPY,Refer to colposcopy or the applicable glandular specialist pathway.,Referral,Colposcopy or specialist gynaecology,SPECIALIST_REVIEW,true,F4-04,true,true,true,THREE_WAY_EXACT_AGREEMENT,
F4-HPV-OTHER-NEGATIVE-SECOND-REPEAT-12M,Figure 4,45,R6.03-R6.07,SECOND_REPEAT_HPV,true,SECOND_REPEAT_HPV,F4-HPV-OTHER-LOW-GRADE-SECOND-REPEAT,MEDIUM,,true,SECOND_REPEAT_HPV,F4-HPV-OTHER-LOW-GRADE-SECOND-REPEAT,REPEAT_HPV | SECOND_REPEAT_HPV,Repeat HPV/cytology using LBC in another 12 months,Repeat in 12 months (24 months post-discharge),Primary/community care or programme follow-up,CLINICIAN_REVIEW,true,F4-06,true,true,true,THREE_WAY_EXACT_AGREEMENT,GOV04_CLINICIAN_ONLY_OVERRESTRICTION_SECONDARY
F4-HPV-OTHER-NEGATIVE-IMMUNE-COLPOSCOPY,Figure 4,45,R6.03-R6.07,COLPOSCOPY,true,COLPOSCOPY,F4-HPV-OTHER-LOW-GRADE-IC-COLP,HIGH,,true,COLPOSCOPY,F4-HPV-OTHER-LOW-GRADE-IC-COLP,COLPOSCOPY,Refer to colposcopy,Referral,Colposcopy service,CLINICIAN_REVIEW,true,F4-05,true,true,true,THREE_WAY_EXACT_AGREEMENT,GOV04_CLINICIAN_ONLY_OVERRESTRICTION_SECONDARY
F4-HPV-OTHER-ASC-US-SECOND-REPEAT-12M,Figure 4,45,R6.03-R6.07,SECOND_REPEAT_HPV,true,SECOND_REPEAT_HPV,F4-HPV-OTHER-LOW-GRADE-SECOND-REPEAT,MEDIUM,,true,SECOND_REPEAT_HPV,F4-HPV-OTHER-LOW-GRADE-SECOND-REPEAT,REPEAT_HPV | SECOND_REPEAT_HPV,Repeat HPV/cytology using LBC in another 12 months,Repeat in 12 months (24 months post-discharge),Primary/community care or programme follow-up,CLINICIAN_REVIEW,true,F4-06,true,true,true,THREE_WAY_EXACT_AGREEMENT,GOV04_CLINICIAN_ONLY_OVERRESTRICTION_SECONDARY
F4-HPV-OTHER-ASC-US-IMMUNE-COLPOSCOPY,Figure 4,45,R6.03-R6.07,COLPOSCOPY,true,COLPOSCOPY,F4-HPV-OTHER-LOW-GRADE-IC-COLP,HIGH,,true,COLPOSCOPY,F4-HPV-OTHER-LOW-GRADE-IC-COLP,COLPOSCOPY,Refer to colposcopy,Referral,Colposcopy service,CLINICIAN_REVIEW,true,F4-05,true,true,true,THREE_WAY_EXACT_AGREEMENT,GOV04_CLINICIAN_ONLY_OVERRESTRICTION_SECONDARY
F4-HPV-OTHER-LSIL-SECOND-REPEAT-12M,Figure 4,45,R6.03-R6.07,SECOND_REPEAT_HPV,true,SECOND_REPEAT_HPV,F4-HPV-OTHER-LOW-GRADE-SECOND-REPEAT,MEDIUM,,true,SECOND_REPEAT_HPV,F4-HPV-OTHER-LOW-GRADE-SECOND-REPEAT,REPEAT_HPV | SECOND_REPEAT_HPV,Repeat HPV/cytology using LBC in another 12 months,Repeat in 12 months (24 months post-discharge),Primary/community care or programme follow-up,CLINICIAN_REVIEW,true,F4-06,true,true,true,THREE_WAY_EXACT_AGREEMENT,GOV04_CLINICIAN_ONLY_OVERRESTRICTION_SECONDARY
F4-HPV-OTHER-LSIL-IMMUNE-COLPOSCOPY,Figure 4,45,R6.03-R6.07,COLPOSCOPY,true,COLPOSCOPY,F4-HPV-OTHER-LOW-GRADE-IC-COLP,HIGH,,true,COLPOSCOPY,F4-HPV-OTHER-LOW-GRADE-IC-COLP,COLPOSCOPY,Refer to colposcopy,Referral,Colposcopy service,CLINICIAN_REVIEW,true,F4-05,true,true,true,THREE_WAY_EXACT_AGREEMENT,GOV04_CLINICIAN_ONLY_OVERRESTRICTION_SECONDARY
F4-SECOND-REPEAT-HPV16-18-COLPOSCOPY,Figure 4,45,R6.03-R6.07,COLPOSCOPY,true,COLPOSCOPY,F4-REPEAT-1618-COLP,HIGH,,true,COLPOSCOPY,F4-REPEAT-1618-COLP,COLPOSCOPY,Refer to colposcopy,,Colposcopy service,CLINICIAN_REVIEW,true,F4-08,true,true,true,THREE_WAY_EXACT_AGREEMENT,GOV04_CLINICIAN_ONLY_OVERRESTRICTION_SECONDARY
F4-SECOND-REPEAT-HPV-OTHER-COLPOSCOPY,Figure 4,45,R6.03-R6.07,COLPOSCOPY,true,COLPOSCOPY,F4-SECOND-REPEAT-HPV-DETECTED-COLP,HIGH,,true,COLPOSCOPY,F4-SECOND-REPEAT-HPV-DETECTED-COLP,COLPOSCOPY,Refer to colposcopy,,Colposcopy service,CLINICIAN_REVIEW,true,F4-08,true,true,true,THREE_WAY_EXACT_AGREEMENT,GOV04_CLINICIAN_ONLY_OVERRESTRICTION_SECONDARY
F4-SECOND-REPEAT-NOT-DETECTED-REGULAR-5Y,Figure 4,45,R6.03-R6.07,ROUTINE_RECALL,true,REPEAT_HPV,F4-REPEAT-HPV-NOT-DETECTED-REGULAR,LOW,,true,REPEAT_HPV,F4-REPEAT-HPV-NOT-DETECTED-REGULAR,ROUTINE_RECALL,Return to regular screening in 5 years.,5 years,Primary/community care or programme follow-up,CLINICIAN_REVIEW,false,F4-07,false,false,true,CANDIDATE_FIXES_CONFIRMED_LEGACY_DEFECT,CONFIRMED_LEGACY_DEFECT_PRESENT_IN_PRODUCTION
F4-SECOND-REPEAT-NOT-DETECTED-IMMUNE-3Y,Figure 4,45,R6.03-R6.07,ROUTINE_RECALL,true,REPEAT_HPV,F4-REPEAT-HPV-NOT-DETECTED-REGULAR,LOW,,true,REPEAT_HPV,F4-REPEAT-HPV-NOT-DETECTED-REGULAR,ROUTINE_RECALL,Return for screening in 3 years.,3 years,Primary/community care or programme follow-up,CLINICIAN_REVIEW,false,F4-07,false,false,true,CANDIDATE_FIXES_CONFIRMED_LEGACY_DEFECT,CONFIRMED_LEGACY_DEFECT_PRESENT_IN_PRODUCTION
F4-TYPE3-LOW-GRADE-NORMAL-COLPOSCOPY-NO-MDM,Figure 4,45,R6.05,NO_MDM_CONTINUE_F4,true,REPEAT_HPV,F4-NORMAL-COLP-REPEAT-HPV-12M,MEDIUM,,true,REPEAT_HPV,F4-NORMAL-COLP-REPEAT-HPV-12M,MDM_REVIEW | NO_MDM_CONTINUE_F4,Observation is appropriate; MDM cytological review is not required under the 2026 update,12-month repeat under Figure 4 surveillance,Reviewer-confirmed pathway,CLINICIAN_REVIEW,false,F4-09,true,true,true,THREE_WAY_EXACT_AGREEMENT,
F5-MDM-PENDING-REVIEW,Figure 5,47,R6.08-R6.16,MDM_REVIEW,true,MDM_REVIEW,F5-MDM-REQUIRED,HIGH,,true,MDM_REVIEW,F5-MDM-REQUIRED,MDM_REVIEW,MDM/cytopathology review before deciding treatment,,Reviewer-confirmed pathway,MDM_REVIEW,true,F5-01,true,true,true,THREE_WAY_EXACT_AGREEMENT,
F5-MDM-DOWNGRADED-LSIL-PATHWAY,Figure 5,47,R6.08-R6.16,ROUTE_LSIL,true,MDM_REVIEW,F5-MDM-DOWNGRADED-LSIL,MEDIUM,,true,MDM_REVIEW,F5-MDM-DOWNGRADED-LSIL,ROUTE_LSIL | REPEAT_HPV,"Follow amended low-grade pathway, generally repeat HPV in 12 months",12 months,Primary/community care or programme follow-up,CLINICIAN_REVIEW,true,F5-02,false,false,true,CANDIDATE_FIXES_CONFIRMED_LEGACY_DEFECT,CONFIRMED_LEGACY_DEFECT_PRESENT_IN_PRODUCTION
F5-MDM-UPGRADED-HSIL-PATHWAY,Figure 5,47,R6.08-R6.16,ROUTE_HSIL,true,COLPOSCOPY,F5-MDM-UPGRADED-HSIL-TREAT,HIGH,,true,COLPOSCOPY,F5-MDM-UPGRADED-HSIL-TREAT,ROUTE_HSIL | TREATMENT,Follow HSIL pathway; diagnostic excision/treatment recommended,,Reviewer-confirmed pathway,SPECIALIST_REVIEW,true,F5-03,false,false,true,CANDIDATE_FIXES_CONFIRMED_LEGACY_DEFECT,CONFIRMED_LEGACY_DEFECT_PRESENT_IN_PRODUCTION
F5-CONFIRMED-ASC-H-TREATMENT-RECOMMENDED,Figure 5,47,R6.08-R6.16,SPECIALIST_TREATMENT_DECISION_REQUIRED,true,COLPOSCOPY,F5-CONFIRMED-ASCH-TREAT,HIGH,,true,COLPOSCOPY,F5-CONFIRMED-ASCH-TREAT,COLPOSCOPY | TREATMENT | SPECIALIST_TREATMENT_DECISION_REQUIRED,Consider diagnostic excision; observation is an option after informed discussion,,Colposcopy/specialist decision service,SPECIALIST_REVIEW,true,F5-04,false,false,true,CANDIDATE_FIXES_CONFIRMED_LEGACY_DEFECT,CONFIRMED_LEGACY_DEFECT_PRESENT_IN_PRODUCTION
F5-TREATMENT-DEFERRED-ABNORMAL-TREATMENT,Figure 5,47,R6.08-R6.16,TREATMENT,true,COLPOSCOPY,F5-CONFIRMED-ASCH-TREAT,HIGH,,true,COLPOSCOPY,F5-CONFIRMED-ASCH-TREAT,COLPOSCOPY | TREATMENT,Specialist reassessment; diagnostic excision or treatment should be reconsidered. Isolated HPV detection with negative cytology and normal colposcopy follows F5-07.,,Colposcopy service,SPECIALIST_REVIEW,true,F5-06,false,false,true,CANDIDATE_FIXES_CONFIRMED_LEGACY_DEFECT,CONFIRMED_LEGACY_DEFECT_PRESENT_IN_PRODUCTION
F5-TREATMENT-DEFERRED-HPV-NOT-DETECTED-TOC,Figure 5,47,R6.08-R6.16,FIGURE_5_COTEST_SURVEILLANCE,true,TEST_OF_CURE,F5-CONFIRMED-ASCH-HPV-NEG-NO-LESION-TOC,LOW,,true,TEST_OF_CURE,F5-CONFIRMED-ASCH-HPV-NEG-NO-LESION-TOC,ROUTINE_RECALL | REPEAT_COTEST | FIGURE_5_COTEST_SURVEILLANCE,Repeat co-test in 12 months. Return to regular interval screening only after the subsequent co-test is again HPV not detected with negative cytology and the specialist surveillance sequence is complete.,12 months,Primary/community care or programme follow-up,SPECIALIST_REVIEW,true,F5-08,false,false,true,CANDIDATE_FIXES_CONFIRMED_LEGACY_DEFECT,CONFIRMED_LEGACY_DEFECT_PRESENT_IN_PRODUCTION
F5-TREATMENT-DEFERRED-HPV-DETECTED-NORMAL-12M,Figure 5,47,R6.08-R6.16,REPEAT_COLPOSCOPY_COTEST,true,UNMAPPED_ACTUAL:F5-CONFIRMED-ASCH-HPV-DETECTED-NORMAL-NEG-12M,F5-CONFIRMED-ASCH-HPV-DETECTED-NORMAL-NEG-12M,MEDIUM,,true,UNMAPPED_ACTUAL:F5-CONFIRMED-ASCH-HPV-DETECTED-NORMAL-NEG-12M,F5-CONFIRMED-ASCH-HPV-DETECTED-NORMAL-NEG-12M,COLPOSCOPY | REPEAT_COLPOSCOPY,"Repeat colposcopy, HPV and cytology",12 months,Colposcopy service,SPECIALIST_REVIEW,true,F5-07,false,false,false,REQUIRES_CLINICAL_REVIEW,NO_SYSTEM_MATCHES_SOURCE
F6-CIN2-UNDER30-ELIGIBLE-ACTIVE-SURVEILLANCE,Figure 6,4,R8.03,CIN2_ACTIVE_SURVEILLANCE,false,,,,,false,,,COLPOSCOPY | MDM_REVIEW | CIN2_ACTIVE_SURVEILLANCE,"MDM review. If CIN2 confirmed and participant agrees, active surveillance with colposcopy/cytology every 6 months up to 24 months","6, 12, 18, 24 months",Colposcopy service,MDM_REVIEW,true,A26-02,false,false,true,CANDIDATE_ADDS_PREVIOUSLY_UNSUPPORTED_STATE,DEPLOYED_INPUT_CONTRACT_GAP | CURRENT_LEGACY_ALSO_CANNOT_EXPRESS
F6-CIN2-SURVEILLANCE-CIN3-TREAT,Figure 6,4,R8.03,TREATMENT,false,,,,,false,,,TREATMENT,Treatment recommended,Immediate after diagnosis / at 24 months,Reviewer-confirmed pathway,SPECIALIST_REVIEW,true,A26-05,false,false,true,CANDIDATE_ADDS_PREVIOUSLY_UNSUPPORTED_STATE,DEPLOYED_INPUT_CONTRACT_GAP | CURRENT_LEGACY_ALSO_CANNOT_EXPRESS
F6-CIN2-PERSISTS-24M-TREAT,Figure 6,4,R8.03,TREATMENT,false,,,,,false,,,TREATMENT,Treatment recommended,Immediate after diagnosis / at 24 months,Reviewer-confirmed pathway,SPECIALIST_REVIEW,true,A26-05,false,false,true,CANDIDATE_ADDS_PREVIOUSLY_UNSUPPORTED_STATE,DEPLOYED_INPUT_CONTRACT_GAP | CURRENT_LEGACY_ALSO_CANNOT_EXPRESS
F6-CIN2-REGRESSION-TOC,Figure 6,4,R8.03,TEST_OF_CURE,false,,,,,false,,,COLPOSCOPY | TEST_OF_CURE,Discharge from colposcopy with Test of Cure at 12 months,12 months,Colposcopy service,CLINICIAN_REVIEW,true,A26-04,false,false,true,CANDIDATE_ADDS_PREVIOUSLY_UNSUPPORTED_STATE,DEPLOYED_INPUT_CONTRACT_GAP | CURRENT_LEGACY_ALSO_CANNOT_EXPRESS
F6-6M-HPV-DETECTED-COLPOSCOPY,Figure 6,56,R8.04-R8.08,COLPOSCOPY,true,COLPOSCOPY,F6-HPV-DETECTED-ANY-CYTOLOGY-COLP,HIGH,,true,COLPOSCOPY,F6-HPV-DETECTED-ANY-CYTOLOGY-COLP,COLPOSCOPY,Refer to colposcopy,,Colposcopy service,CLINICIAN_REVIEW,true,F6-04,true,true,true,THREE_WAY_EXACT_AGREEMENT,GOV04_CLINICIAN_ONLY_OVERRESTRICTION_SECONDARY
F6-6M-HPV-NOT-DETECTED-HIGH-GRADE-COLPOSCOPY,Figure 6,56,R8.04-R8.08,COLPOSCOPY,true,COLPOSCOPY,F6-HPV-NEG-HIGH-GRADE-COLP,HIGH,,true,COLPOSCOPY,F6-HPV-NEG-HIGH-GRADE-COLP,COLPOSCOPY,Refer to colposcopy,,Colposcopy service,CLINICIAN_REVIEW,true,F6-05,true,true,true,THREE_WAY_EXACT_AGREEMENT,GOV04_CLINICIAN_ONLY_OVERRESTRICTION_SECONDARY
F6-6M-HPV-NOT-DETECTED-LOW-GRADE-REPEAT-12M,Figure 6,56,R8.04-R8.08,REPEAT_COTEST,true,REPEAT_COTEST,F6-HPV-NEG-LOW-GRADE-REPEAT-12M,MEDIUM,,true,REPEAT_COTEST,F6-HPV-NEG-LOW-GRADE-REPEAT-12M,REPEAT_HPV | REPEAT_COTEST,Repeat HPV and cytology,12 months,Primary/community care or programme follow-up,CLINICIAN_REVIEW,true,F6-06,true,true,true,THREE_WAY_EXACT_AGREEMENT,GOV04_CLINICIAN_ONLY_OVERRESTRICTION_SECONDARY
F6-6M-FIRST-NEGATIVE-REPEAT-12M,Figure 6,56,R8.04-R8.08,REPEAT_COTEST,true,REPEAT_COTEST,F6-FIRST-NEGATIVE-REPEAT-12M,LOW,,true,REPEAT_COTEST,F6-FIRST-NEGATIVE-REPEAT-12M,REPEAT_COTEST,Repeat co-test,12 months later / 18 months post-treatment,Primary/community care or programme follow-up,CLINICIAN_REVIEW,true,F6-02,true,true,true,THREE_WAY_EXACT_AGREEMENT,GOV04_CLINICIAN_ONLY_OVERRESTRICTION_SECONDARY
F6-18M-SECOND-NEGATIVE-COMPLETE,Figure 6,56,R8.04-R8.08,TOC_COMPLETE,true,TOC_COMPLETE,F6-SECOND-NEGATIVE-RETURN-REGULAR,LOW,,true,TOC_COMPLETE,F6-SECOND-NEGATIVE-RETURN-REGULAR,ROUTINE_RECALL | TOC_COMPLETE | TEST_OF_CURE,Test of Cure complete; return to regular interval screening,,Primary/community care or programme follow-up,CLINICIAN_REVIEW,true,F6-03,true,true,true,THREE_WAY_EXACT_AGREEMENT,GOV04_CLINICIAN_ONLY_OVERRESTRICTION_SECONDARY
F6-18M-HPV-DETECTED-COLPOSCOPY,Figure 6,56,R8.04-R8.08,COLPOSCOPY,true,COLPOSCOPY,F6-HPV-DETECTED-ANY-CYTOLOGY-COLP,HIGH,,true,COLPOSCOPY,F6-HPV-DETECTED-ANY-CYTOLOGY-COLP,COLPOSCOPY,Refer to colposcopy,,Colposcopy service,CLINICIAN_REVIEW,true,F6-04,true,true,true,THREE_WAY_EXACT_AGREEMENT,GOV04_CLINICIAN_ONLY_OVERRESTRICTION_SECONDARY
F6-18M-HPV-NOT-DETECTED-HIGH-GRADE-COLPOSCOPY,Figure 6,56,R8.04-R8.08,COLPOSCOPY,true,COLPOSCOPY,F6-HPV-NEG-HIGH-GRADE-COLP,HIGH,,true,COLPOSCOPY,F6-HPV-NEG-HIGH-GRADE-COLP,COLPOSCOPY,Refer to colposcopy,,Colposcopy service,CLINICIAN_REVIEW,true,F6-05,true,true,true,THREE_WAY_EXACT_AGREEMENT,GOV04_CLINICIAN_ONLY_OVERRESTRICTION_SECONDARY
F6-18M-HPV-NOT-DETECTED-LOW-GRADE-REPEAT,Figure 6,56,R8.04-R8.08,REPEAT_COTEST,true,COLPOSCOPY,F6-REPEAT-HPV-NEG-CYTOLOGY-ABNORMAL-COLP,HIGH,,true,COLPOSCOPY,F6-REPEAT-HPV-NEG-CYTOLOGY-ABNORMAL-COLP,REPEAT_HPV | REPEAT_COTEST,Repeat HPV and cytology,12 months,Primary/community care or programme follow-up,CLINICIAN_REVIEW,true,F6-06,false,false,true,CANDIDATE_FIXES_CONFIRMED_LEGACY_DEFECT,CONFIRMED_LEGACY_DEFECT_PRESENT_IN_PRODUCTION | GOV04_CLINICIAN_ONLY_OVERRESTRICTION_SECONDARY
F6-AFTER-LOW-GRADE-HPV-DETECTED-COLPOSCOPY,Figure 6,56,R8.04-R8.08,COLPOSCOPY,true,COLPOSCOPY,F6-HPV-DETECTED-ANY-CYTOLOGY-COLP,HIGH,,true,COLPOSCOPY,F6-HPV-DETECTED-ANY-CYTOLOGY-COLP,COLPOSCOPY,Refer to colposcopy,,Colposcopy service,CLINICIAN_REVIEW,true,F6-04,true,true,true,THREE_WAY_EXACT_AGREEMENT,GOV04_CLINICIAN_ONLY_OVERRESTRICTION_SECONDARY
F6-AFTER-LOW-GRADE-HPV-NOT-DETECTED-ABNORMAL-COLPOSCOPY,Figure 6,56,R8.04-R8.08,COLPOSCOPY,true,COLPOSCOPY,F6-REPEAT-HPV-NEG-CYTOLOGY-ABNORMAL-COLP,HIGH,,true,COLPOSCOPY,F6-REPEAT-HPV-NEG-CYTOLOGY-ABNORMAL-COLP,COLPOSCOPY,Refer to colposcopy,,Colposcopy service,CLINICIAN_REVIEW,true,F6-07,true,true,true,THREE_WAY_EXACT_AGREEMENT,GOV04_CLINICIAN_ONLY_OVERRESTRICTION_SECONDARY
F6-AFTER-LOW-GRADE-NEGATIVE-CONTINUE-TOC,Figure 6,56,R8.04-R8.08,CONTINUE_TOC,true,CONTINUE_TOC,F6-CONTINUE-TOC-UNTIL-COMPLETE,LOW,,true,CONTINUE_TOC,F6-CONTINUE-TOC-UNTIL-COMPLETE,TEST_OF_CURE | CONTINUE_TOC,Continue Test of Cure until the required two consecutive negative co-tests are achieved,12 months between qualifying co-tests,Primary/community care or programme follow-up,CLINICIAN_REVIEW,true,F6-08,true,true,true,THREE_WAY_EXACT_AGREEMENT,GOV04_CLINICIAN_ONLY_OVERRESTRICTION_SECONDARY
F6-MISSING-TREATMENT-DATE-SAFETY-STOP,Figure 6,56,R8.04-R8.08,SAFETY_STOP,true,REPEAT_COTEST,F6-FIRST-NEGATIVE-REPEAT-12M,LOW,,true,REPEAT_COTEST,F6-FIRST-NEGATIVE-REPEAT-12M,SAFETY_STOP,Do not issue a terminal Test-of-Cure disposition; request treatment records.,Immediate,Review queue,CLINICIAN_REVIEW,false,F6-12,false,false,true,CANDIDATE_FIXES_CONFIRMED_LEGACY_DEFECT,CONFIRMED_LEGACY_DEFECT_PRESENT_IN_PRODUCTION
F6-POSITIVE-MARGINS-UNDER50-COMMUNITY-TOC,Figure 6,56,R8.06,COMMUNITY_TOC,false,,,,,false,,,TEST_OF_CURE | COMMUNITY_TOC,Test of Cure follow-up can be in primary/community care,6 and 18 months,Primary/community care,CLINICIAN_REVIEW,true,F6-10,false,false,true,CANDIDATE_ADDS_PREVIOUSLY_UNSUPPORTED_STATE,DEPLOYED_INPUT_CONTRACT_GAP | CURRENT_LEGACY_ALSO_CANNOT_EXPRESS | GOV04_CLINICIAN_ONLY_OVERRESTRICTION_SECONDARY
F6-POSITIVE-MARGINS-AGE50PLUS-SPECIALIST,Figure 6,56,R8.06,SPECIALIST_FOLLOW_UP,false,,,,,false,,,COLPOSCOPY,Follow-up remains in colposcopy clinic unless later guidance/local governance says otherwise,6 and 18 months,Colposcopy service,SPECIALIST_REVIEW,true,F6-11,false,false,true,CANDIDATE_ADDS_PREVIOUSLY_UNSUPPORTED_STATE,DEPLOYED_INPUT_CONTRACT_GAP | CURRENT_LEGACY_ALSO_CANNOT_EXPRESS
F7-AG2-GYNAECOLOGY,Figure 7,59,R9.04-R9.10,GYNAECOLOGY,true,GYNAECOLOGY,F7-AG2-GYNAECOLOGY,HIGH,,true,GYNAECOLOGY,F7-AG2-GYNAECOLOGY,URGENT_GYNAECOLOGY | GYNAECOLOGY,Refer to specialist gynaecology,Urgent if malignant,Specialist gynaecology,SPECIALIST_REVIEW,true,F7-01,true,true,true,THREE_WAY_EXACT_AGREEMENT,
F7-AC2-GYNAECOLOGY,Figure 7,59,R9.04-R9.10,GYNAECOLOGY,true,GYNAECOLOGY,F7-AC2-GYNAECOLOGY,HIGH,,true,GYNAECOLOGY,F7-AC2-GYNAECOLOGY,URGENT_GYNAECOLOGY | GYNAECOLOGY,Refer to specialist gynaecology,Urgent if malignant,Specialist gynaecology,SPECIALIST_REVIEW,true,F7-01,true,true,true,THREE_WAY_EXACT_AGREEMENT,
F7-AG1-COLPOSCOPY,Figure 7,59,R9.04-R9.10,COLPOSCOPY,true,COLPOSCOPY,F7-GLANDULAR-COLPOSCOPY,HIGH,,true,COLPOSCOPY,F7-GLANDULAR-COLPOSCOPY,COLPOSCOPY,Refer to colposcopy,,Colposcopy service,SPECIALIST_REVIEW,true,F7-02,true,true,true,THREE_WAY_EXACT_AGREEMENT,
F7-AG3-COLPOSCOPY,Figure 7,59,R9.04-R9.10,COLPOSCOPY,true,COLPOSCOPY,F7-GLANDULAR-COLPOSCOPY,HIGH,,true,COLPOSCOPY,F7-GLANDULAR-COLPOSCOPY,COLPOSCOPY,Refer to colposcopy,,Colposcopy service,SPECIALIST_REVIEW,true,F7-02,true,true,true,THREE_WAY_EXACT_AGREEMENT,
F7-AG4-COLPOSCOPY,Figure 7,59,R9.04-R9.10,COLPOSCOPY,true,COLPOSCOPY,F7-GLANDULAR-COLPOSCOPY,HIGH,,true,COLPOSCOPY,F7-GLANDULAR-COLPOSCOPY,COLPOSCOPY,Refer to colposcopy,,Colposcopy service,SPECIALIST_REVIEW,true,F7-02,true,true,true,THREE_WAY_EXACT_AGREEMENT,
F7-AG5-COLPOSCOPY,Figure 7,59,R9.04-R9.10,COLPOSCOPY,true,COLPOSCOPY,F7-GLANDULAR-COLPOSCOPY,HIGH,,true,COLPOSCOPY,F7-GLANDULAR-COLPOSCOPY,COLPOSCOPY,Refer to colposcopy,,Colposcopy service,SPECIALIST_REVIEW,true,F7-02,true,true,true,THREE_WAY_EXACT_AGREEMENT,
F7-AC1-COLPOSCOPY,Figure 7,59,R9.04-R9.10,COLPOSCOPY,true,COLPOSCOPY,F7-GLANDULAR-COLPOSCOPY,HIGH,,true,COLPOSCOPY,F7-GLANDULAR-COLPOSCOPY,ONCOLOGY | URGENT_GYNAECOLOGY | GYNAECOLOGY | COLPOSCOPY,"Urgently refer to a colposcopist to assess and confirm adenocarcinoma; after confirmation, refer to gynaecological oncology.",Urgent,Urgent colposcopy and gynaecological oncology,SPECIALIST_REVIEW,true,F7-02,true,true,true,THREE_WAY_EXACT_AGREEMENT,
F7-AC3-COLPOSCOPY,Figure 7,59,R9.04-R9.10,COLPOSCOPY,true,COLPOSCOPY,F7-GLANDULAR-COLPOSCOPY,HIGH,,true,COLPOSCOPY,F7-GLANDULAR-COLPOSCOPY,ONCOLOGY | URGENT_GYNAECOLOGY | GYNAECOLOGY | COLPOSCOPY,"Urgently refer to a colposcopist to assess and confirm adenocarcinoma; after confirmation, refer to gynaecological oncology.",Urgent,Urgent colposcopy and gynaecological oncology,SPECIALIST_REVIEW,true,F7-02,true,true,true,THREE_WAY_EXACT_AGREEMENT,
F7-AC4-COLPOSCOPY,Figure 7,59,R9.04-R9.10,COLPOSCOPY,true,COLPOSCOPY,F7-GLANDULAR-COLPOSCOPY,HIGH,,true,COLPOSCOPY,F7-GLANDULAR-COLPOSCOPY,ONCOLOGY | URGENT_GYNAECOLOGY | GYNAECOLOGY | COLPOSCOPY,"Urgently refer to a colposcopist to assess and confirm adenocarcinoma; after confirmation, refer to gynaecological oncology.",Urgent,Urgent colposcopy and gynaecological oncology,SPECIALIST_REVIEW,true,F7-02,true,true,true,THREE_WAY_EXACT_AGREEMENT,
F7-NO-LESION-CYTOLOGY-CONFIRMED-TYPE3-EXCISION,Figure 7,59,R9.04-R9.13,TYPE3_EXCISION,true,COLPOSCOPY,F7-MDM-CONFIRMED-NOT-AG2-TYPE3,HIGH,,true,COLPOSCOPY,F7-MDM-CONFIRMED-NOT-AG2-TYPE3,TYPE3_EXCISION,"Type 3 diagnostic excision, with D&C or appropriate endometrial assessment where indicated by the confirmed glandular category and specialist plan.",,Reviewer-confirmed pathway,SPECIALIST_REVIEW,true,F7-04,false,false,true,CANDIDATE_FIXES_CONFIRMED_LEGACY_DEFECT,CONFIRMED_LEGACY_DEFECT_PRESENT_IN_PRODUCTION
F7-NO-LESION-AG2-CONFIRMED-INVESTIGATE,Figure 7,59,R9.04-R9.13,GYNAECOLOGY_INVESTIGATION,true,GYNAECOLOGY,F7-MDM-AG2-INVESTIGATE-MALIGNANCIES,HIGH,,true,GYNAECOLOGY,F7-MDM-AG2-INVESTIGATE-MALIGNANCIES,GYNAECOLOGY,Investigate other gynaecological malignancies,,Specialist gynaecology,SPECIALIST_REVIEW,true,F7-05,false,false,false,REQUIRES_CLINICAL_REVIEW,NO_SYSTEM_MATCHES_SOURCE
F7-NO-LESION-CYTOLOGY-NOT-CONFIRMED-6M,Figure 7,59,R9.04-R9.13,REPEAT_COLPOSCOPY,true,MDM_REVIEW,F7-MDM-CYTOLOGY-NOT-CONFIRMED-6M,MEDIUM,,true,MDM_REVIEW,F7-MDM-CYTOLOGY-NOT-CONFIRMED-6M,COLPOSCOPY | REPEAT_COLPOSCOPY,Repeat colposcopy,6 months,Colposcopy service,SPECIALIST_REVIEW,true,F7-06,false,false,true,CANDIDATE_FIXES_CONFIRMED_LEGACY_DEFECT,CONFIRMED_LEGACY_DEFECT_PRESENT_IN_PRODUCTION
F7-VISIBLE-LESION-BIOPSY-AIS-TYPE3,Figure 7,59,R9.04-R9.13,TYPE3_EXCISION,true,COLPOSCOPY,F7-BIOPSY-AIS-TYPE3-EXCISION,HIGH,,true,COLPOSCOPY,F7-BIOPSY-AIS-TYPE3-EXCISION,COLPOSCOPY | TYPE3_EXCISION,Type 3 excision,,Specialist colposcopy/excisional treatment service,SPECIALIST_REVIEW,true,F7-07,false,false,true,CANDIDATE_FIXES_CONFIRMED_LEGACY_DEFECT,CONFIRMED_LEGACY_DEFECT_PRESENT_IN_PRODUCTION
F7-VISIBLE-LESION-BIOPSY-CANCER-ONCOLOGY,Figure 7,59,R9.04-R9.13,ONCOLOGY,true,ONCOLOGY,F7-BIOPSY-CANCER-ONCOLOGY,URGENT,,true,ONCOLOGY,F7-BIOPSY-CANCER-ONCOLOGY,ONCOLOGY | URGENT_GYNAECOLOGY | GYNAECOLOGY,Refer to gynaecological oncologist,Urgent,Gynaecological oncology / MDT,SPECIALIST_REVIEW,true,F7-08,true,true,true,THREE_WAY_EXACT_AGREEMENT,
F7-AIS-CLEAR-MARGINS-PRIMARY-CARE-6-18M,Figure 7,59,R9.14,COMMUNITY_TOC,false,,,,,false,,,COLPOSCOPY | COMMUNITY_TOC,Primary/community-care co-tests at 6 and 18 months. Any HPV detected or abnormal cytology during follow-up requires colposcopic assessment.,6 and 18 months,Primary/community care,CLINICIAN_REVIEW,true,F7-09,false,false,true,CANDIDATE_ADDS_PREVIOUSLY_UNSUPPORTED_STATE,DEPLOYED_INPUT_CONTRACT_GAP | CURRENT_LEGACY_ALSO_CANNOT_EXPRESS | GOV04_CLINICIAN_ONLY_OVERRESTRICTION_SECONDARY
F8-CANCER-STAGE1A1-LOCAL-EXCISION-TOC-COMPLETE-REGULAR,Figure 8,5,Screening after gynaecological cancer update,ROUTINE_SCREENING,false,,,,,false,,,ROUTINE_RECALL | TEST_OF_CURE,Return to regular cervical screening after successful treatment and completed Test of Cure.,Regular screening interval,Primary/community care or programme follow-up,CLINICIAN_REVIEW,false,A26-08,false,false,false,DEPLOYED_INPUT_CONTRACT_GAP,DEPLOYED_INPUT_CONTRACT_GAP | CURRENT_LEGACY_ALSO_CANNOT_EXPRESS
F8-CANCER-STAGE1A1-TOC-ABNORMAL-COLPOSCOPY,Figure 8,5,Screening after gynaecological cancer update,COLPOSCOPY,false,,,,,false,,,COLPOSCOPY | TEST_OF_CURE,Refer to colposcopy for HPV detection or abnormal cytology during Test of Cure.,Without delay,Colposcopy service,SPECIALIST_REVIEW,false,A26-08,false,false,true,CANDIDATE_ADDS_PREVIOUSLY_UNSUPPORTED_STATE,DEPLOYED_INPUT_CONTRACT_GAP | CURRENT_LEGACY_ALSO_CANNOT_EXPRESS
F8-CANCER-STAGE1A1-POST-TOC-HPV-FIG3,Figure 8,5,Screening after gynaecological cancer update,ROUTE_FIGURE_3,false,,,,,false,,,ROUTE_FIGURE_3 | TEST_OF_CURE,Follow the HPV primary screening pathway in Figure 3 after completed Test of Cure.,According to Figure 3,Primary/community care or programme follow-up,CLINICIAN_REVIEW,false,A26-08,false,false,true,CANDIDATE_ADDS_PREVIOUSLY_UNSUPPORTED_STATE,DEPLOYED_INPUT_CONTRACT_GAP | CURRENT_LEGACY_ALSO_CANNOT_EXPRESS
F8-CANCER-TOTAL-HYSTERECTOMY-TOC-COMPLETE-CEASE,Figure 8,5,Screening after gynaecological cancer update,NO_FURTHER_SCREENING,false,,,,,false,,,NO_FURTHER_SCREENING | TEST_OF_CURE,Cease screening after completing Test of Cure,,Primary/community care or programme follow-up,SPECIALIST_REVIEW,false,A26-09,false,false,true,CANDIDATE_ADDS_PREVIOUSLY_UNSUPPORTED_STATE,DEPLOYED_INPUT_CONTRACT_GAP | CURRENT_LEGACY_ALSO_CANNOT_EXPRESS
F8-OTHER-GYNAECOLOGICAL-CANCER-OUTSIDE-NCSP,Figure 8,5,Screening after gynaecological cancer update,CLINICIAN_REVIEW_REQUIRED,false,,,,,false,,,CLINICIAN_REVIEW_REQUIRED,Outside NCSP screening recommendations; clinician and participant determine testing/management,,Primary/community care or programme follow-up,SPECIALIST_REVIEW,true,A26-10,false,false,true,CANDIDATE_ADDS_PREVIOUSLY_UNSUPPORTED_STATE,DEPLOYED_INPUT_CONTRACT_GAP | CURRENT_LEGACY_ALSO_CANNOT_EXPRESS
F8-NONCERVICAL-CANCER-HYSTERECTOMY-HSIL-INCOMPLETE-TOC,Figure 8,5,Screening after gynaecological cancer update,CONTINUE_TOC,false,,,,,false,,,TEST_OF_CURE,Undertake ToC; cease after two HPV-not-detected/negative-cytology co-tests 12 months apart,12 months apart,Primary/community care or programme follow-up,CLINICIAN_REVIEW,true,A26-11,false,false,false,DEPLOYED_INPUT_CONTRACT_GAP,DEPLOYED_INPUT_CONTRACT_GAP | CURRENT_LEGACY_ALSO_CANNOT_EXPRESS | GOV04_CLINICIAN_ONLY_OVERRESTRICTION_SECONDARY
F8-LOW-RISK-NO-PATHOLOGY-NO-FURTHER,Figure 8,67,R10.01-R10.10,NO_FURTHER_SCREENING,true,NO_FURTHER_SCREENING,F8-NEG-RETURNED-NO-PATH-NO-FURTHER,LOW,,true,NO_FURTHER_SCREENING,F8-NEG-RETURNED-NO-PATH-NO-FURTHER,NO_FURTHER_SCREENING,No further screening required,,Primary/community care or programme follow-up,CLINICIAN_REVIEW,true,F8-01,true,true,true,THREE_WAY_EXACT_AGREEMENT,GOV04_CLINICIAN_ONLY_OVERRESTRICTION_SECONDARY
F8-LOW-RISK-LSIL-HPV,Figure 8,67,R10.01-R10.10,POST_HYSTERECTOMY_HPV,true,POST_HYSTERECTOMY_HPV,F8-NEG-RETURNED-LSIL-HPV,MEDIUM,,true,POST_HYSTERECTOMY_HPV,F8-NEG-RETURNED-LSIL-HPV,ROUTE_FIGURE_3 | POST_HYSTERECTOMY_HPV,Vaginal-vault HPV test; use Figure 3 result branches as applicable while preserving cervix-absent and vault-sample provenance.,6 months post-hysterectomy where specified,Reviewer-confirmed pathway,CLINICIAN_REVIEW,true,F8-02,true,true,true,THREE_WAY_EXACT_AGREEMENT,GOV04_CLINICIAN_ONLY_OVERRESTRICTION_SECONDARY
F8-LOW-RISK-COMPLETE-HSIL-AIS-TOC,Figure 8,67,R10.01-R10.10,TEST_OF_CURE,true,NO_FURTHER_SCREENING,F8-NEG-RETURNED-NO-PATH-NO-FURTHER,LOW,,true,NO_FURTHER_SCREENING,F8-NEG-RETURNED-NO-PATH-NO-FURTHER,TEST_OF_CURE,Test of Cure,Vault co-testing,Primary/community care or programme follow-up,CLINICIAN_REVIEW,true,F8-03,false,false,true,CANDIDATE_FIXES_CONFIRMED_LEGACY_DEFECT,CONFIRMED_LEGACY_DEFECT_PRESENT_IN_PRODUCTION | GOV04_CLINICIAN_ONLY_OVERRESTRICTION_SECONDARY
F8-LOW-RISK-INCOMPLETE-HSIL-AIS-COLPOSCOPY,Figure 8,67,R10.01-R10.10,COLPOSCOPY,true,NO_FURTHER_SCREENING,F8-NEG-RETURNED-NO-PATH-NO-FURTHER,LOW,,true,NO_FURTHER_SCREENING,F8-NEG-RETURNED-NO-PATH-NO-FURTHER,COLPOSCOPY,Colposcopy,,Colposcopy service,CLINICIAN_REVIEW,true,F8-04,false,false,true,CANDIDATE_FIXES_CONFIRMED_LEGACY_DEFECT,CONFIRMED_LEGACY_DEFECT_PRESENT_IN_PRODUCTION | GOV04_CLINICIAN_ONLY_OVERRESTRICTION_SECONDARY
F8-NO-KNOWN-HISTORY-NO-LOW-PATHOLOGY-HPV6M,Figure 8,67,R10.01-R10.10,POST_HYSTERECTOMY_HPV_6M,true,POST_HYSTERECTOMY_HPV_6M,F8-NO-HISTORY-NO-PATH-LOWGRADE-HPV-6M,MEDIUM,,true,POST_HYSTERECTOMY_HPV_6M,F8-NO-HISTORY-NO-PATH-LOWGRADE-HPV-6M,COLPOSCOPY | POST_HYSTERECTOMY_HPV_6M | POST_HYSTERECTOMY_HPV,"Vaginal-vault HPV test at 6 months. If HPV not detected, screening may cease; if HPV is detected, use the reviewer-confirmed post-hysterectomy/vault pathway and refer to colposcopy where required.",6 months post-hysterectomy in Table 1,Colposcopy service,CLINICIAN_REVIEW,true,F8-08,true,true,true,THREE_WAY_EXACT_AGREEMENT,GOV04_CLINICIAN_ONLY_OVERRESTRICTION_SECONDARY
F8-PRIOR-LOW-GRADE-NOT-RETURNED-HPV,Figure 8,67,R10.01-R10.10,POST_HYSTERECTOMY_HPV,true,POST_HYSTERECTOMY_HPV,F8-LOWGRADE-NOT-RETURNED-NO-PATH-HPV,MEDIUM,,true,POST_HYSTERECTOMY_HPV,F8-LOWGRADE-NOT-RETURNED-NO-PATH-HPV,ROUTE_FIGURE_3 | POST_HYSTERECTOMY_HPV,Vaginal-vault HPV test; use Figure 3 result branches as applicable while preserving cervix-absent and vault-sample provenance.,,Reviewer-confirmed pathway,CLINICIAN_REVIEW,true,F8-05,true,true,true,THREE_WAY_EXACT_AGREEMENT,GOV04_CLINICIAN_ONLY_OVERRESTRICTION_SECONDARY
F8-TREATED-HSIL-AIS-TOC-COMPLETE-NO-PATH-NO-FURTHER,Figure 8,67,R10.01-R10.10,NO_FURTHER_SCREENING,true,NO_FURTHER_SCREENING,F8-HSIL-TOC-COMPLETE-NO-PATH-NO-FURTHER,LOW,,true,NO_FURTHER_SCREENING,F8-HSIL-TOC-COMPLETE-NO-PATH-NO-FURTHER,NO_FURTHER_SCREENING,No further screening required,,Primary/community care or programme follow-up,CLINICIAN_REVIEW,true,F8-01,true,true,true,THREE_WAY_EXACT_AGREEMENT,GOV04_CLINICIAN_ONLY_OVERRESTRICTION_SECONDARY
F8-TREATED-HSIL-AIS-TOC-COMPLETE-LSIL-HPV,Figure 8,67,R10.01-R10.10,POST_HYSTERECTOMY_HPV,true,POST_HYSTERECTOMY_HPV,F8-HSIL-TOC-COMPLETE-LSIL-HPV,MEDIUM,,true,POST_HYSTERECTOMY_HPV,F8-HSIL-TOC-COMPLETE-LSIL-HPV,ROUTE_FIGURE_3 | POST_HYSTERECTOMY_HPV,Vaginal-vault HPV test; use Figure 3 result branches as applicable while preserving cervix-absent and vault-sample provenance.,6 months post-hysterectomy where specified,Reviewer-confirmed pathway,CLINICIAN_REVIEW,true,F8-02,true,true,true,THREE_WAY_EXACT_AGREEMENT,GOV04_CLINICIAN_ONLY_OVERRESTRICTION_SECONDARY
F8-INCOMPLETE-TOC-NO-LOW-PATH-CONTINUE-TOC,Figure 8,67,R10.01-R10.10,CONTINUE_TOC,true,CONTINUE_TOC,F8-INCOMPLETE-TOC-NO-PATH-LOWGRADE-TOC,HIGH,,true,CONTINUE_TOC,F8-INCOMPLETE-TOC-NO-PATH-LOWGRADE-TOC,TEST_OF_CURE,Test of Cure,Vault co-tests,Primary/community care or programme follow-up,CLINICIAN_REVIEW,true,F8-07,true,true,false,GOV04_CLINICIAN_ONLY_OVERRESTRICTION,
F8-UNTREATED-HSIL-AIS-NO-LOW-PATH-TOC,Figure 8,67,R10.01-R10.10,TEST_OF_CURE,true,CONTINUE_TOC,F8-UNTREATED-HSIL-AIS-NO-PATH-LOWGRADE-TOC,HIGH,,true,CONTINUE_TOC,F8-UNTREATED-HSIL-AIS-NO-PATH-LOWGRADE-TOC,TEST_OF_CURE,Test of Cure,Vault co-tests,Primary/community care or programme follow-up,CLINICIAN_REVIEW,true,F8-06,false,false,true,CANDIDATE_FIXES_CONFIRMED_LEGACY_DEFECT,CONFIRMED_LEGACY_DEFECT_PRESENT_IN_PRODUCTION | GOV04_CLINICIAN_ONLY_OVERRESTRICTION_SECONDARY
F8-ANY-HIGH-GRADE-COMPLETE-TOC,Figure 8,67,R10.01-R10.10,TEST_OF_CURE,true,TEST_OF_CURE,F8-HSIL-AIS-COMPLETE-TOC,HIGH,,true,TEST_OF_CURE,F8-HSIL-AIS-COMPLETE-TOC,TEST_OF_CURE,Test of Cure,Vault co-testing,Primary/community care or programme follow-up,CLINICIAN_REVIEW,true,F8-03,true,true,true,THREE_WAY_EXACT_AGREEMENT,GOV04_CLINICIAN_ONLY_OVERRESTRICTION_SECONDARY
F8-ANY-HIGH-GRADE-INCOMPLETE-COLPOSCOPY,Figure 8,67,R10.01-R10.10,COLPOSCOPY,true,COLPOSCOPY,F8-HSIL-AIS-INCOMPLETE-COLP,HIGH,,true,COLPOSCOPY,F8-HSIL-AIS-INCOMPLETE-COLP,COLPOSCOPY,Colposcopy,,Colposcopy service,CLINICIAN_REVIEW,true,F8-04,true,true,true,THREE_WAY_EXACT_AGREEMENT,GOV04_CLINICIAN_ONLY_OVERRESTRICTION_SECONDARY
T1-NEGATIVE-OR-RETURNED-REGULAR-NO-PATHOLOGY,Table 1,66,R10.01-R10.10,NO_FURTHER_SCREENING,true,NO_FURTHER_SCREENING,T1-NEG-RETURNED-NO-PATH-NO-FURTHER,LOW,,true,NO_FURTHER_SCREENING,T1-NEG-RETURNED-NO-PATH-NO-FURTHER,NO_FURTHER_SCREENING,No further screening,As specified by outcome,Primary/community care or programme follow-up,CLINICIAN_REVIEW,true,T1-01,true,true,true,THREE_WAY_EXACT_AGREEMENT,GOV04_CLINICIAN_ONLY_OVERRESTRICTION_SECONDARY
T1-NEGATIVE-OR-RETURNED-REGULAR-LSIL-CIN1,Table 1,66,R10.01-R10.10,POST_HYSTERECTOMY_HPV,true,POST_HYSTERECTOMY_HPV,T1-NEG-RETURNED-LSIL-HPV,MEDIUM,,true,POST_HYSTERECTOMY_HPV,T1-NEG-RETURNED-LSIL-HPV,ROUTE_FIGURE_3 | POST_HYSTERECTOMY_HPV,HPV test; follow Figure 3,As specified by outcome,Reviewer-confirmed pathway,CLINICIAN_REVIEW,true,T1-02,true,true,true,THREE_WAY_EXACT_AGREEMENT,GOV04_CLINICIAN_ONLY_OVERRESTRICTION_SECONDARY
T1-NEGATIVE-OR-RETURNED-REGULAR-HSIL-AIS-COMPLETE,Table 1,66,R10.01-R10.10,TEST_OF_CURE,true,TEST_OF_CURE,T1-HSIL-AIS-COMPLETE-TOC,HIGH,,true,TEST_OF_CURE,T1-HSIL-AIS-COMPLETE-TOC,TEST_OF_CURE,Test of Cure,As specified by outcome,Reviewer-confirmed pathway,CLINICIAN_REVIEW,true,T1-03,true,true,true,THREE_WAY_EXACT_AGREEMENT,GOV04_CLINICIAN_ONLY_OVERRESTRICTION_SECONDARY
T1-NEGATIVE-OR-RETURNED-REGULAR-HSIL-AIS-INCOMPLETE,Table 1,66,R10.01-R10.10,COLPOSCOPY,true,COLPOSCOPY,T1-HSIL-AIS-INCOMPLETE-COLP,HIGH,,true,COLPOSCOPY,T1-HSIL-AIS-INCOMPLETE-COLP,COLPOSCOPY,Colposcopy,As specified by outcome,Colposcopy service,CLINICIAN_REVIEW,true,T1-04,true,true,true,THREE_WAY_EXACT_AGREEMENT,GOV04_CLINICIAN_ONLY_OVERRESTRICTION_SECONDARY
T1-LOW-GRADE-NOT-RETURNED-NO-PATHOLOGY,Table 1,66,R10.01-R10.10,POST_HYSTERECTOMY_HPV,true,POST_HYSTERECTOMY_HPV,T1-LOWGRADE-NOT-RETURNED-NO-PATH-HPV,MEDIUM,,true,POST_HYSTERECTOMY_HPV,T1-LOWGRADE-NOT-RETURNED-NO-PATH-HPV,ROUTE_FIGURE_3 | POST_HYSTERECTOMY_HPV,HPV test; follow Figure 3,As specified by outcome,Reviewer-confirmed pathway,CLINICIAN_REVIEW,true,T1-05,true,true,true,THREE_WAY_EXACT_AGREEMENT,GOV04_CLINICIAN_ONLY_OVERRESTRICTION_SECONDARY
T1-LOW-GRADE-NOT-RETURNED-LSIL-CIN1,Table 1,66,R10.01-R10.10,POST_HYSTERECTOMY_HPV,true,POST_HYSTERECTOMY_HPV,T1-LOWGRADE-NOT-RETURNED-NO-PATH-HPV,MEDIUM,,true,POST_HYSTERECTOMY_HPV,T1-LOWGRADE-NOT-RETURNED-NO-PATH-HPV,ROUTE_FIGURE_3 | POST_HYSTERECTOMY_HPV,HPV test; follow Figure 3,As specified by outcome,Reviewer-confirmed pathway,CLINICIAN_REVIEW,true,T1-05,true,true,true,THREE_WAY_EXACT_AGREEMENT,GOV04_CLINICIAN_ONLY_OVERRESTRICTION_SECONDARY
T1-LOW-GRADE-NOT-RETURNED-HSIL-AIS-COMPLETE,Table 1,66,R10.01-R10.10,TEST_OF_CURE,true,TEST_OF_CURE,T1-HSIL-AIS-COMPLETE-TOC,HIGH,,true,TEST_OF_CURE,T1-HSIL-AIS-COMPLETE-TOC,TEST_OF_CURE,Test of Cure,As specified by outcome,Reviewer-confirmed pathway,CLINICIAN_REVIEW,true,T1-07,true,true,true,THREE_WAY_EXACT_AGREEMENT,GOV04_CLINICIAN_ONLY_OVERRESTRICTION_SECONDARY
T1-LOW-GRADE-NOT-RETURNED-HSIL-AIS-INCOMPLETE,Table 1,66,R10.01-R10.10,COLPOSCOPY,true,COLPOSCOPY,T1-HSIL-AIS-INCOMPLETE-COLP,HIGH,,true,COLPOSCOPY,T1-HSIL-AIS-INCOMPLETE-COLP,COLPOSCOPY,Colposcopy,As specified by outcome,Colposcopy service,CLINICIAN_REVIEW,true,T1-08,true,true,true,THREE_WAY_EXACT_AGREEMENT,GOV04_CLINICIAN_ONLY_OVERRESTRICTION_SECONDARY
T1-TREATED-HSIL-TOC-COMPLETE-NO-PATHOLOGY,Table 1,66,R10.01-R10.10,NO_FURTHER_SCREENING,true,NO_FURTHER_SCREENING,T1-HSIL-TOC-COMPLETE-NO-PATH-NO-FURTHER,LOW,,true,NO_FURTHER_SCREENING,T1-HSIL-TOC-COMPLETE-NO-PATH-NO-FURTHER,NO_FURTHER_SCREENING,No further screening,As specified by outcome,Primary/community care or programme follow-up,CLINICIAN_REVIEW,true,T1-09,true,true,true,THREE_WAY_EXACT_AGREEMENT,GOV04_CLINICIAN_ONLY_OVERRESTRICTION_SECONDARY
T1-TREATED-HSIL-TOC-COMPLETE-LSIL-CIN1,Table 1,66,R10.01-R10.10,POST_HYSTERECTOMY_HPV,true,POST_HYSTERECTOMY_HPV,T1-HSIL-TOC-COMPLETE-LSIL-HPV,MEDIUM,,true,POST_HYSTERECTOMY_HPV,T1-HSIL-TOC-COMPLETE-LSIL-HPV,ROUTE_FIGURE_3 | POST_HYSTERECTOMY_HPV,HPV test; follow Figure 3,As specified by outcome,Reviewer-confirmed pathway,CLINICIAN_REVIEW,true,T1-10,true,true,true,THREE_WAY_EXACT_AGREEMENT,GOV04_CLINICIAN_ONLY_OVERRESTRICTION_SECONDARY
T1-TREATED-HSIL-TOC-COMPLETE-HSIL-AIS-COMPLETE,Table 1,66,R10.01-R10.10,TEST_OF_CURE,true,TEST_OF_CURE,T1-HSIL-AIS-COMPLETE-TOC,HIGH,,true,TEST_OF_CURE,T1-HSIL-AIS-COMPLETE-TOC,TEST_OF_CURE,Test of Cure,As specified by outcome,Reviewer-confirmed pathway,CLINICIAN_REVIEW,true,T1-11,true,true,true,THREE_WAY_EXACT_AGREEMENT,GOV04_CLINICIAN_ONLY_OVERRESTRICTION_SECONDARY
T1-TREATED-HSIL-TOC-COMPLETE-HSIL-AIS-INCOMPLETE,Table 1,66,R10.01-R10.10,COLPOSCOPY,true,COLPOSCOPY,T1-HSIL-AIS-INCOMPLETE-COLP,HIGH,,true,COLPOSCOPY,T1-HSIL-AIS-INCOMPLETE-COLP,COLPOSCOPY,Colposcopy,As specified by outcome,Colposcopy service,CLINICIAN_REVIEW,true,T1-12,true,true,true,THREE_WAY_EXACT_AGREEMENT,GOV04_CLINICIAN_ONLY_OVERRESTRICTION_SECONDARY
T1-HSIL-AIS-UNTREATED-INCOMPLETE-NO-OR-LOW-PATHOLOGY,Table 1,66,R10.01-R10.10,TEST_OF_CURE,true,CONTINUE_TOC,T1-UNTREATED-HSIL-AIS-NO-PATH-LOWGRADE-TOC,HIGH,,true,CONTINUE_TOC,T1-UNTREATED-HSIL-AIS-NO-PATH-LOWGRADE-TOC,TEST_OF_CURE,Test of Cure,As specified by outcome,Reviewer-confirmed pathway,CLINICIAN_REVIEW,true,T1-13,false,false,true,CANDIDATE_FIXES_CONFIRMED_LEGACY_DEFECT,CONFIRMED_LEGACY_DEFECT_PRESENT_IN_PRODUCTION | GOV04_CLINICIAN_ONLY_OVERRESTRICTION_SECONDARY
T1-HSIL-AIS-UNTREATED-INCOMPLETE-HSIL-AIS-COMPLETE,Table 1,66,R10.01-R10.10,TEST_OF_CURE,true,TEST_OF_CURE,T1-HSIL-AIS-COMPLETE-TOC,HIGH,,true,TEST_OF_CURE,T1-HSIL-AIS-COMPLETE-TOC,TEST_OF_CURE,Test of Cure,As specified by outcome,Reviewer-confirmed pathway,CLINICIAN_REVIEW,true,T1-14,true,true,true,THREE_WAY_EXACT_AGREEMENT,GOV04_CLINICIAN_ONLY_OVERRESTRICTION_SECONDARY
T1-HSIL-AIS-UNTREATED-INCOMPLETE-HSIL-AIS-INCOMPLETE,Table 1,66,R10.01-R10.10,COLPOSCOPY,true,COLPOSCOPY,T1-HSIL-AIS-INCOMPLETE-COLP,HIGH,,true,COLPOSCOPY,T1-HSIL-AIS-INCOMPLETE-COLP,COLPOSCOPY,Colposcopy,As specified by outcome,Colposcopy service,CLINICIAN_REVIEW,true,T1-15,true,true,true,THREE_WAY_EXACT_AGREEMENT,GOV04_CLINICIAN_ONLY_OVERRESTRICTION_SECONDARY
T1-PREVIOUS-TREATMENT-INCOMPLETE-TOC-NO-OR-LOW-PATHOLOGY,Table 1,66,R10.01-R10.10,TEST_OF_CURE,true,CONTINUE_TOC,T1-INCOMPLETE-TOC-NO-PATH-LOWGRADE-TOC,HIGH,,true,CONTINUE_TOC,T1-INCOMPLETE-TOC-NO-PATH-LOWGRADE-TOC,TEST_OF_CURE,Test of Cure,As specified by outcome,Reviewer-confirmed pathway,CLINICIAN_REVIEW,true,T1-16,false,false,true,CANDIDATE_FIXES_CONFIRMED_LEGACY_DEFECT,CONFIRMED_LEGACY_DEFECT_PRESENT_IN_PRODUCTION | GOV04_CLINICIAN_ONLY_OVERRESTRICTION_SECONDARY
T1-PREVIOUS-TREATMENT-INCOMPLETE-TOC-HSIL-AIS-COMPLETE,Table 1,66,R10.01-R10.10,TEST_OF_CURE,true,TEST_OF_CURE,T1-HSIL-AIS-COMPLETE-TOC,HIGH,,true,TEST_OF_CURE,T1-HSIL-AIS-COMPLETE-TOC,TEST_OF_CURE,Test of Cure,As specified by outcome,Reviewer-confirmed pathway,CLINICIAN_REVIEW,true,T1-17,true,true,true,THREE_WAY_EXACT_AGREEMENT,GOV04_CLINICIAN_ONLY_OVERRESTRICTION_SECONDARY
T1-PREVIOUS-TREATMENT-INCOMPLETE-TOC-HSIL-AIS-INCOMPLETE,Table 1,66,R10.01-R10.10,COLPOSCOPY,true,COLPOSCOPY,T1-HSIL-AIS-INCOMPLETE-COLP,HIGH,,true,COLPOSCOPY,T1-HSIL-AIS-INCOMPLETE-COLP,COLPOSCOPY,Colposcopy,As specified by outcome,Colposcopy service,CLINICIAN_REVIEW,true,T1-18,true,true,true,THREE_WAY_EXACT_AGREEMENT,GOV04_CLINICIAN_ONLY_OVERRESTRICTION_SECONDARY
T1-NO-KNOWN-HISTORY-NO-OR-LOW-PATHOLOGY,Table 1,66,R10.01-R10.10,POST_HYSTERECTOMY_HPV_6M,true,POST_HYSTERECTOMY_HPV_6M,T1-NO-HISTORY-NO-PATH-LOWGRADE-HPV-6M,MEDIUM,,true,POST_HYSTERECTOMY_HPV_6M,T1-NO-HISTORY-NO-PATH-LOWGRADE-HPV-6M,POST_HYSTERECTOMY_HPV_6M,HPV test at 6 months post-hysterectomy,6 months post-hysterectomy,Reviewer-confirmed pathway,CLINICIAN_REVIEW,true,T1-19,true,true,true,THREE_WAY_EXACT_AGREEMENT,GOV04_CLINICIAN_ONLY_OVERRESTRICTION_SECONDARY
T1-NO-KNOWN-HISTORY-HSIL-AIS-COMPLETE,Table 1,66,R10.01-R10.10,TEST_OF_CURE,true,TEST_OF_CURE,T1-HSIL-AIS-COMPLETE-TOC,HIGH,,true,TEST_OF_CURE,T1-HSIL-AIS-COMPLETE-TOC,TEST_OF_CURE,Test of Cure,As specified by outcome,Reviewer-confirmed pathway,CLINICIAN_REVIEW,true,T1-20,true,true,true,THREE_WAY_EXACT_AGREEMENT,GOV04_CLINICIAN_ONLY_OVERRESTRICTION_SECONDARY
T1-NO-KNOWN-HISTORY-HSIL-AIS-INCOMPLETE,Table 1,66,R10.01-R10.10,COLPOSCOPY,true,COLPOSCOPY,T1-HSIL-AIS-INCOMPLETE-COLP,HIGH,,true,COLPOSCOPY,T1-HSIL-AIS-INCOMPLETE-COLP,COLPOSCOPY,Colposcopy,As specified by outcome,Colposcopy service,CLINICIAN_REVIEW,true,T1-21,true,true,true,THREE_WAY_EXACT_AGREEMENT,GOV04_CLINICIAN_ONLY_OVERRESTRICTION_SECONDARY
F9-PREGNANT-ASC-H-INITIAL-COLPOSCOPY,Figure 9,71,R11.01-R11.06,COLPOSCOPY,true,COLPOSCOPY,F9-INITIAL-COLPOSCOPY,HIGH,,true,COLPOSCOPY,F9-INITIAL-COLPOSCOPY,COLPOSCOPY,Refer to colposcopy by an experienced pregnancy colposcopist,As soon as practicable,Colposcopy service,SPECIALIST_REVIEW,true,F9-01,true,true,true,THREE_WAY_EXACT_AGREEMENT,
F9-PREGNANT-HSIL-INITIAL-COLPOSCOPY,Figure 9,71,R11.01-R11.06,COLPOSCOPY,true,COLPOSCOPY,F9-INITIAL-COLPOSCOPY,HIGH,,true,COLPOSCOPY,F9-INITIAL-COLPOSCOPY,COLPOSCOPY,Refer to colposcopy by an experienced pregnancy colposcopist,As soon as practicable,Colposcopy service,SPECIALIST_REVIEW,true,F9-01,true,true,true,THREE_WAY_EXACT_AGREEMENT,
F9-PREGNANT-ATYPICAL-GLANDULAR-INITIAL-COLPOSCOPY,Figure 9,71,R11.01-R11.06,COLPOSCOPY,true,COLPOSCOPY,F9-INITIAL-COLPOSCOPY,HIGH,,true,COLPOSCOPY,F9-INITIAL-COLPOSCOPY,COLPOSCOPY,Refer to colposcopy by an experienced pregnancy colposcopist,As soon as practicable,Colposcopy service,SPECIALIST_REVIEW,true,F9-01,true,true,true,THREE_WAY_EXACT_AGREEMENT,
F9-PREGNANT-AIS-INITIAL-COLPOSCOPY,Figure 9,71,R11.01-R11.06,COLPOSCOPY,true,COLPOSCOPY,F9-INITIAL-COLPOSCOPY,HIGH,,true,COLPOSCOPY,F9-INITIAL-COLPOSCOPY,COLPOSCOPY,Refer to colposcopy by an experienced pregnancy colposcopist,As soon as practicable,Colposcopy service,SPECIALIST_REVIEW,true,F9-01,true,true,true,THREE_WAY_EXACT_AGREEMENT,
F9-NORMAL-TZ-MDM-DOWNGRADE-NEGATIVE-F3,Figure 9,71,R11.01-R11.11,ROUTE_FIGURE_3,true,MDM_REVIEW,F9-MDM-DOWNGRADED-NEGATIVE-FIG3,LOW,,true,MDM_REVIEW,F9-MDM-DOWNGRADED-NEGATIVE-FIG3,ROUTE_FIGURE_3,Follow primary HPV screening pathway Figure 3,,Primary/community care or programme follow-up,CLINICIAN_REVIEW,true,F9-03,false,false,true,CANDIDATE_FIXES_CONFIRMED_LEGACY_DEFECT,CONFIRMED_LEGACY_DEFECT_PRESENT_IN_PRODUCTION
F9-NORMAL-TZ-MDM-DOWNGRADE-LOW-GRADE,Figure 9,71,R11.01-R11.11,ROUTE_LSIL,true,MDM_REVIEW,F9-MDM-DOWNGRADED-LSIL,MEDIUM,,true,MDM_REVIEW,F9-MDM-DOWNGRADED-LSIL,ROUTE_LSIL,Follow the applicable low-grade pathway after reviewer confirmation; do not automatically force every case into Figure 4.,,Reviewer-confirmed pathway,CLINICIAN_REVIEW,true,F9-04,false,false,true,CANDIDATE_FIXES_CONFIRMED_LEGACY_DEFECT,CONFIRMED_LEGACY_DEFECT_PRESENT_IN_PRODUCTION
F9-NORMAL-TZ-MDM-CONFIRMS-HIGH-GRADE-REVIEW,Figure 9,71,R11.01-R11.11,PREGNANCY_COLPOSCOPY_REVIEW,true,MDM_REVIEW,F9-MDM-CONFIRMED-HIGH-GRADE-REVIEW,HIGH,,true,MDM_REVIEW,F9-MDM-CONFIRMED-HIGH-GRADE-REVIEW,COLPOSCOPY,Colposcopy review in 6 months or 6-12 weeks postpartum,"6 months, or 6-12 weeks postpartum",Colposcopy service,SPECIALIST_REVIEW,true,F9-05,false,false,false,REQUIRES_CLINICAL_REVIEW,NO_SYSTEM_MATCHES_SOURCE
F9-ABNORMAL-TZ-LSIL-HSIL-AIS-REVIEW,Figure 9,71,R11.01-R11.11,PREGNANCY_COLPOSCOPY_REVIEW,true,PREGNANCY_COLPOSCOPY_REVIEW,F9-ABNORMAL-TZ-REVIEW,HIGH,,true,PREGNANCY_COLPOSCOPY_REVIEW,F9-ABNORMAL-TZ-REVIEW,COLPOSCOPY,Conservative surveillance; review in 6 months or 6-12 weeks postpartum,6 months or 6-12 weeks postpartum,Experienced pregnancy colposcopy service,SPECIALIST_REVIEW,true,F9-06,true,true,false,GOV04_CLINICIAN_ONLY_OVERRESTRICTION,
F9-INVASION-BIOPSY-POSITIVE-ONCOLOGY,Figure 9,71,R11.01-R11.11,ONCOLOGY,true,ONCOLOGY,F9-BIOPSY-POSITIVE-INVASION-ONCOLOGY,URGENT,,true,ONCOLOGY,F9-BIOPSY-POSITIVE-INVASION-ONCOLOGY,ONCOLOGY | URGENT_GYNAECOLOGY | GYNAECOLOGY | MDM_REVIEW,"Biopsy; if positive, urgent gynaecological oncology referral; if negative, MDM review",Urgent gynaecological oncology review; within 2 weeks when invasive disease is indicated,Gynaecological oncology / MDT,MDM_REVIEW,true,F9-07,true,true,true,THREE_WAY_EXACT_AGREEMENT,
F9-INVASION-BIOPSY-NEGATIVE-MDM,Figure 9,71,R11.01-R11.11,MDM_REVIEW,true,MDM_REVIEW,F9-BIOPSY-NEGATIVE-INVASION-MDM,HIGH,,true,MDM_REVIEW,F9-BIOPSY-NEGATIVE-INVASION-MDM,ONCOLOGY | URGENT_GYNAECOLOGY | GYNAECOLOGY | MDM_REVIEW,"Biopsy; if positive, urgent gynaecological oncology referral; if negative, MDM review",Urgent gynaecological oncology review; within 2 weeks when invasive disease is indicated,Gynaecological oncology / MDT,MDM_REVIEW,true,F9-07,true,true,true,THREE_WAY_EXACT_AGREEMENT,
F10-SINGLE-PREMENOPAUSAL-PCB-REASSURING-NO-COLPOSCOPY,Figure 10,83,R15.02,NO_COLPOSCOPY,false,,,,,false,,,COLPOSCOPY | NO_COLPOSCOPY,No colposcopy referral required,,Colposcopy service,CLINICIAN_REVIEW,true,F10-10,false,false,true,CANDIDATE_ADDS_PREVIOUSLY_UNSUPPORTED_STATE,DEPLOYED_INPUT_CONTRACT_GAP | CURRENT_LEGACY_ALSO_CANNOT_EXPRESS | GOV04_CLINICIAN_ONLY_OVERRESTRICTION_SECONDARY
F10-RECURRENT-PERSISTENT-PCB-GYNAECOLOGY,Figure 10,83,R15.02,GYNAECOLOGY,false,,,,,false,,,GYNAECOLOGY | COLPOSCOPY,Refer to gynaecology; assessment may include colposcopy,,Specialist gynaecology,CLINICIAN_REVIEW,true,F10-11,false,false,true,CANDIDATE_ADDS_PREVIOUSLY_UNSUPPORTED_STATE,DEPLOYED_INPUT_CONTRACT_GAP | CURRENT_LEGACY_ALSO_CANNOT_EXPRESS
F10-PERSISTENT-UNEXPLAINED-IMB-GYNAECOLOGY,Figure 10,83,R15.05,GYNAECOLOGY,false,,,,,false,,,GYNAECOLOGY,Refer for specialist gynaecological assessment regardless of test results,,Specialist gynaecology,SPECIALIST_REVIEW,true,F10-12,false,false,true,CANDIDATE_ADDS_PREVIOUSLY_UNSUPPORTED_STATE,DEPLOYED_INPUT_CONTRACT_GAP | CURRENT_LEGACY_ALSO_CANNOT_EXPRESS
F10-POSTMENOPAUSAL-BLEEDING-EXAM-COTEST-GYNAECOLOGY,Figure 10,83,R15.06,URGENT_GYNAECOLOGY,false,,,,,false,,,URGENT_GYNAECOLOGY | GYNAECOLOGY,"Examine, co-test and refer for specialist gynaecological assessment; do not delay referral for co-test",Urgent/without delay,Specialist gynaecology,SPECIALIST_REVIEW,true,F10-13,false,false,true,CANDIDATE_ADDS_PREVIOUSLY_UNSUPPORTED_STATE,DEPLOYED_INPUT_CONTRACT_GAP | CURRENT_LEGACY_ALSO_CANNOT_EXPRESS
F10-CANCER-SIGNS-URGENT-GYNAECOLOGY,Figure 10,83,R15.01-R15.06,URGENT_GYNAECOLOGY,true,URGENT_GYNAECOLOGY,F10-CANCER-SYMPTOMS-URGENT-GYN,URGENT,,true,URGENT_GYNAECOLOGY,F10-CANCER-SYMPTOMS-URGENT-GYN,URGENT_GYNAECOLOGY | GYNAECOLOGY,"Clinical examination and co-test, plus urgent referral for investigation; do not delay referral for co-test or blood",Without delay,Urgent specialist gynaecology,CLINICIAN_REVIEW,true,F10-01,true,true,true,THREE_WAY_EXACT_AGREEMENT,
F10-ABNORMAL-CERVIX-CANCER-COTEST-COLPOSCOPY,Figure 10,83,R15.01-R15.06,COLPOSCOPY,true,COLPOSCOPY,F10-ABNORMAL-CERVIX-CANCER-COTEST-COLP,URGENT,,true,COLPOSCOPY,F10-ABNORMAL-CERVIX-CANCER-COTEST-COLP,COLPOSCOPY,Co-test and colposcopy/urgent specialist investigation,Urgent,Colposcopy service,SPECIALIST_REVIEW,false,F10-03,true,true,true,THREE_WAY_EXACT_AGREEMENT,
F10-ABNORMAL-CERVIX-NO-CANCER-LOCAL-REVIEW,Figure 10,83,R15.01-R15.06,LOCAL_PATHWAY_REVIEW,true,LOCAL_PATHWAY_REVIEW,F10-ABNORMAL-CERVIX-NO-CANCER-REVIEW,MEDIUM,,true,LOCAL_PATHWAY_REVIEW,F10-ABNORMAL-CERVIX-NO-CANCER-REVIEW,GYNAECOLOGY | LOCAL_PATHWAY_REVIEW,Treat/investigate according to local Healthcare Pathway or refer to gynaecology,Review 6-8 weeks after clinician-led treatment/investigation,Specialist gynaecology,SPECIALIST_REVIEW,true,F10-04,true,true,true,THREE_WAY_EXACT_AGREEMENT,
F10-NORMAL-CERVIX-OCP-ADJUST-REVIEW,Figure 10,83,R15.01-R15.06,OCP_REVIEW,true,OCP_REVIEW,F10-OCP-ADJUST-REVIEW,MEDIUM,,true,OCP_REVIEW,F10-OCP-ADJUST-REVIEW,OCP_REVIEW,Adjust oral contraceptive and reassess bleeding,6-8 weeks,Reviewer-confirmed pathway,SPECIALIST_REVIEW,true,F10-05,true,true,true,THREE_WAY_EXACT_AGREEMENT,
F10-NORMAL-CERVIX-STI-TREAT-REVIEW,Figure 10,83,R15.01-R15.06,STI_REVIEW,true,TREATMENT,F10-STI-TREAT-REVIEW,MEDIUM,,true,TREATMENT,F10-STI-TREAT-REVIEW,STI_REVIEW,"Treat STI, then reassess; persistent bleeding requires further investigation/referral",Review 6-8 weeks after recorded STI treatment,Reviewer-confirmed pathway,SPECIALIST_REVIEW,true,F10-08,false,false,true,CANDIDATE_FIXES_CONFIRMED_LEGACY_DEFECT,CONFIRMED_LEGACY_DEFECT_PRESENT_IN_PRODUCTION
F10-NORMAL-CERVIX-NO-STI-LOCAL-PATHWAY,Figure 10,83,R15.01-R15.06,LOCAL_PATHWAY_REVIEW,true,LOCAL_PATHWAY_REVIEW,F10-NO-STI-HEALTHCARE-PATHWAYS,MEDIUM,,true,LOCAL_PATHWAY_REVIEW,F10-NO-STI-HEALTHCARE-PATHWAYS,GYNAECOLOGY | LOCAL_PATHWAY_REVIEW,Manage according to local Healthcare Pathway or refer to gynaecology,Review at 6-8 weeks if a clinician records local treatment; otherwise referral is not delayed,Specialist gynaecology,SPECIALIST_REVIEW,true,F10-09,true,true,true,THREE_WAY_EXACT_AGREEMENT,
F10-REVIEW-BLEEDING-RESOLVED-AGE25PLUS,Figure 10,83,R15.01-R15.06,ROUTINE_SCREENING,true,ROUTINE_SCREENING,F10-REVIEW-RESOLVED-SCREENING,LOW,,true,ROUTINE_SCREENING,F10-REVIEW-RESOLVED-SCREENING,ROUTE_FIGURE_3 | ROUTINE_SCREENING,Resume screening according to the participant's current due date; do not automatically trigger an immediate Figure 3 test.,According to the current screening due date,Primary/community care or programme follow-up,CLINICIAN_REVIEW,false,F10-06,true,true,true,THREE_WAY_EXACT_AGREEMENT,
F10-REVIEW-BLEEDING-RESOLVED-UNDER25,Figure 10,83,R15.01-R15.06,SCREEN_AT_25,true,SCREEN_AT_25,F10-REVIEW-RESOLVED-SCREENING,LOW,,true,SCREEN_AT_25,F10-REVIEW-RESOLVED-SCREENING,ROUTE_FIGURE_3 | SCREEN_AT_25,Commence screening at age 25; do not automatically trigger an immediate Figure 3 test.,At age 25,Primary/community care or programme follow-up,CLINICIAN_REVIEW,false,F10-06,true,true,true,THREE_WAY_EXACT_AGREEMENT,
F10-REVIEW-BLEEDING-PERSISTS-GYNAECOLOGY,Figure 10,83,R15.01-R15.06,GYNAECOLOGY,true,GYNAECOLOGY,F10-REVIEW-UNRESOLVED-GYNAECOLOGY,HIGH,,true,GYNAECOLOGY,F10-REVIEW-UNRESOLVED-GYNAECOLOGY,GYNAECOLOGY,Refer to gynaecology,After the 6-8 week reassessment,Specialist gynaecology,CLINICIAN_REVIEW,true,F10-07,true,true,true,THREE_WAY_EXACT_AGREEMENT,